case_id,터널분류,사고종류,사고객체-대분류,사고객체-소분류,작업프로세스,사고원인-대분류,사고원인-중분류,사고원인-소분류,구체적사고원인,사망자,피해내용,향후조치계획,사고경위,사고발생후 조치사항,재발방지대책
TA-0001,철도터널,"절단, 베임",가시설,흙막이가시설,해체작업,설계오류,공법선정 미흡,적정 공법검토 미흡,전용도구 미사용으로 인한 띠장 절단 작업 중 H-BEAM 절단부에 왼손 약지를 베임,0,인적 피해- 왼손 약지 부분 베임,"- 작업시 전용도구 이용과 두꺼운 용접장갑 착용
- 안전관리교육(강화)",띠장 절단 작업 중 절단된 단본 띠장의 절단 부위를 잡고 뒤집으려고 하던 중 H-BEAM 절단부에 왼손 약지를 베어 상해를 입은 사고임,"- 협력사 직원 동행하여 병원이송 및 봉합수술
- 퇴원 후 통원치료 완료","- 작업시 전용도구 이용과 두꺼운 용접장갑 착용
- 안전관리교육(강화)"
TA-0002,철도터널,물체에 맞음,건설자재,자재,조립작업,시공오류,안전수칙 미준수,작업자의 불안전한 행동,개인(타인)의 불안전한 행동으로 인한 피해자 인적피해 사고,0,상부 작업자(타인)가 철근을 들고 있던 상태에서 떨어뜨려 튕기는 철근에 옆에 서있던 피해자(김**)의 좌측 중지손가락을 타격하여 골절,안전관리교육 강화,철근 배근 작업을 위해 버팀 상부에 있던 철근을 하부로 내리는 작업 중 상부 작업자가 철근을 들고 있던 상태에서 떨어뜨려 튕기는 철근에 옆에 서있던 김OO의 좌측 중지손가락을 타격하여 골절된 사고임,"- 협력사 직원과 동행하여 병원 내원 및 CT촬영
- 골절판정 후 퇴원 및 통원치료 완료",2인 1조 작업 시 개인의 불안전한 행동으로 안전사고가 발생되지 않토록 교육강화 실시
TA-0003,도로터널,떨어짐,가시설,흙막이가시설,해체작업,시공오류,안전수칙 미준수,개인 안전보호구 착용 불량,안전벨트 착용하였으나 생명줄에 안전고리를 미체결하여 발생,0,"오른쪽 대퇴부, 손목 상해","- 작업 전 근로자 상대 교육 실시 및 감리, 시공사 현장감독 철저 (작업전 상부 생명줄 설치상태 확인 및 근로자 안전벨트 착용, 체결여부 확인)
- 근로자10대항목(안전고리 미체결) 등에 대한 업체 및 기술자에 대한 행정조치 예정","2019년 7월 15일 09시 10분경 개착구간 6단 가시설 해체작업장에서 가시설공 임OO(만58세)이 가시설 해체작업 중 수직앵글 볼팅 제거 후 힘을가해 밀어내다 중심을 잃고 수직앵글자재와 함께 재해자가 추락함(추락높이
3. 2m)",근로자 병원 이송 및 치료 등,"근로자 교육 실시 및 감리, 시공사 현장감독 철저"
TA-0004,철도터널,물체에 맞음,건설자재,자재,조립작업,시공오류,안전수칙 미준수,작업자 통제 미흡,수직상하 동시 작업시 신호 불일치로 낙하물(철근)에 맞음,0,재해자 치아 손상 및 치료,표준안전작업방법 교육시행 및 안전 / 예방운동 활동 강화를 통한 사고예방,"터널 개착 변화구간 수직철근 절단작업 중 수직 상(철근고정), 하(철근절단)동시 작업시 서로 신호가 맞지 않아 절단된 철근에 근로자가 철근에 위치아가 맞음.",병원진료 및 치료,표준안전작업방법 교육시행 및 안전 / 예방운동 활동 강화
TA-0005,철도터널,물체에 맞음,건설기계,항타 및 항발기,천공작업,시공오류,기계장비관리 미흡,운전자 자격관리 미흡,작업자간 신호 불일치 및 에어레버 조작 미숙으로 재해자 타격,0,"물적피해 없음, 재해자 치료비 및 휴업급여 발생",19.08.16 산업재해 조사표 작성 및 고용노동부 의정부지청 보고 조치완료.,2019년 7월23일 17시30분경 터널4-2 시점방향 막장면(STA.7km104) 천공작업 후 점보드릴 급수배관 청소를 위하여 에어레버 조작중인 다른 근로자가 에어레버를 과하게 개방하여 에어호스의 연결부위가 요동치며 피재자의 우측다리를 타격하여 골절 된 사고임,재해자 즉각 병원 이송 후 정밀검진 및 입원치료,"작업자간 신호체계 재정립, 작업전 근로자 사전교육 강화"
TA-0006,철도터널,떨어짐,가시설,가설계단,해체작업,시공오류,안전수칙 미준수,작업자 부주의,철근대차 상부 해체 작업 완료 후 계단을 내려 오는 중 미끄러져서 추락,0,피해 없음,"전근로자 재발방지를 위한 교육 및 현장점검, 추락 발생 위험 공정 중점 관리",송정터널 시점부 라이닝 철근대차 상부 작업 완료 후 계단을 내려 오는 중 미끄러져서 추락(1.5M),"철근 작업대차 이동통로 및 가설 계단 점검 및 미끄럼 방지 보안, 근로자 재발방지를 위한 교육",현재 운영중인 작업대차 점검 및 미끄럼 방지 보안
TA-0007,철도터널,넘어짐,가시설,강관동바리,설치작업,시공오류,안전수칙 미준수,작업자의 불안전한 행동,불안전한 자세로 작업중 중심을 잃음,0,작업을 하던 중에 거푸집 Support 쪽으로 중심을 잃어 가슴부위에 충격으로 인한 인적사고(갈비뼈 미세골절),안전관리교육 강화,2019년 8월 17일 토요일 오전 11시 20분경 개착정거장 출입구3 외벽 거푸집 Support 설치 작업중 작업발판 상부에서 벽체 거푸집 Support의 수평방향으로 고정하는 작업을 하던 중에 거푸집 Support 쪽으로 중심을 잃어 가슴부위에 충격을 받은 사고임.,"- 협력사 직원 동행하여 병원 내원 후 CT촬영 검사
- CT촬영검사 결과 갈비뼈 미세골절 판정받아 현재 입원 치료중임","- 작업발판의 전면설치가 불가능한 구간에서 불안전한 자세로 작업하지 않도록 거푸집 Support의 높이차를 이용하여 작업발판을 분산 설치할 예정임
- 안전관리교육 강화"
TA-0008,철도터널,물체에 맞음,건설기계,항타 및 항발기,천공작업,시공오류,기계장비관리 미흡,운전자 자격관리 미흡,로드 상단을 묶은 와이어의 고정이 잘못되어 로드가 회전하면서 작업자(피해자)와 충돌 발생,1,사망1명으로 산재처리 및 유족 협의,"장비와 근로자의 동시작업 금지, 인양물 취급시 장비운전자 교육, 관리감독자 상주 관리","2019년8월18일 14시30분경 수직구(h=85m) 발파굴착이 용이하도록 선대구경 천공작업 중 65m위치에서 암파쇄구간이 발견, 비트 교체가 필요하여 기 시공된 로드 총 11개(6m/개) 중 3번째 로드를 해체하던 중 로드 상단을 묶은 와이어의 고정이 잘못되어 로드가 회전하면서 작업자(피해자)와 충돌 발생",병원후송하였으나 사망,"장비와 근로자간 동시 작업 금지, 장비 운전자 인양물 취급시 안전교육 시행"
TA-0009,도로터널,떨어짐,건설기계,콘크리트믹서트럭,타설작업,시공오류,안전수칙 미준수,작업자 부주의,믹서트럭 후미 계단에서 이동중 떨어짐,0,두부 타박상 및 외측출혈,안전교육 시행,"신림-봉천터널 도로건설공사(1공구) 현장에서 2019년 8월 19일 (월) 오후 3:07분경 펌프카 차주(사업주)인 재해자 정OO 가 레미콘 상태를 확인하기 위해 믹서트럭에 올라갔다가 내려오면서 믹서트럭 2단계단에서 발을 헛딪어 떨어진 사고 임. 사고 발생직후 119 신고(15:12)하여 즉시 후송조치 하여 보라매병원에서 CT, X-ray 촬영등을 실시 결과 특별한 이상은 없어 보이나, 환자가 두통을 호소하여 입원하여 경과를 지켜보기로 함.","119 응급이송, CT,X-ray 촬영 결과 특이사항 없었음, 입원중",작업 전 안전교육
TA-0010,기타,"절단, 베임",건설기계,굴착기,정리작업,시공오류,안전수칙 미준수,작업자 통제 미흡,백호 운전자와 작업자 사이의 신호체계에 따른 의사 전달 미흡으로 사고 발생,0,"재해자 좌측 3지 자상, 4지 절단","- 추후 동일작업 전 작업자 및 관리자 안전교육 철저히 시행
- 터널장비 작업 위험성평가 실시 후 장비운전원 특별교육 실시
- 터널현장 내 장비, 작업자 간 신호체계 재점검 후 교육 실시","재해자외 3명(장비 운전원 포함) 은 2019. 8. 25. 14시 20분 저장공동(MC7B3S Ramp)의 발파 완료 후 비산 방지용 타이어 매트 제거를 위하여 백호 버킷 고리에 와이어 두줄 중 한줄을 고리에 걸고, 나머지 한줄을 걸려던 중 백호가 붐을 들어 손가락이 와이어에 걸려 좌측 제3지 자상, 제4지가 절단 된 사고임.",동강병원으로 후송 후 부산 마이크로 병원으로 이송 및 봉합 수술 완료(21시30분),장비 및 작업자 간 신호체계 재점검 및 특별안전교육 실시
TA-0011,도로터널,넘어짐,기타,기타,이동,시공오류,안전수칙 미준수,작업자 부주의,집수정 청소를 위해 덮개 개폐여부 미인지,0,갈비뺘  및 광대뼈 골절,"고령(신규)근로자 특별교육강화, 작업멘트 지정 운영 등",상북터널 울산방향(추월) STA.6+650 에서 공동구 기초부에서 청소(빗자루)하며 이동중 공동구 스틸그레이팅이 열려있는 것을 보지못하고 개구부(깊이 약90cm)로 빠지며 개구부 단부에 부딛혀 우측 갈비뼈 및 우측 광대뼈가 골절된 재해임.,병원후송,"고령(신규)근로자 특별교육강화, 작업멘트 지정 운영 등"
TA-0012,도로터널,물체에 맞음,시설물,터널 갱구부,조립작업,설계오류,사전조사 미흡,지반조사 미흡,토사터널 표면 일부분 탈락으로 인근 작업자 부상 발생,0,무릎과 늑골 부상,"터널 막장면 상 하부 동시작업 지양, 추가 굴착작업 전 막장면 이상징후 사전조사 후 작업 진행 관리",19년 9월8일 AM 00:00 경 터널시점부 지보설치중 막장면 좌측 토사 표면 일부분이 탈락되어 토사가 밀리면서 허리를 숙이고 있던 피재자에게 충격을 가해 무릎과 늑골에 부상이 발생함.,병원진료,"터널 막장면 상 하부 동시작업 지양, 추가 굴착작업 전 막장면 이상징후 사전조사 후 작업 진행 관리"
TA-0013,철도터널,부딪힘,기타,차량,이동,시공오류,기계장비관리 미흡,운전자 자격관리 미흡,자재 반출차량 후진 도중 터널내 이동중인 근로자 미인지로 추돌,1,"물적피해 없으며, 1인 사망",유가족과 합의후 장례진행,터널 내부에서 자재운반을 위한 1톤트럭이 자재를 싣고 후진하여 나오는 과정에서 이동중인 재해자와 충돌후 차량에 깔려 사망함,병원이송후 가족과 협의중,사고원인 교육시행 및 터널내 차량 경고등 항상 켤 것
TA-0014,도로터널,끼임,토사 및 암반,터널 막장면,설치작업,시공오류,안전수칙 미준수,작업자 부주의,고속국도 제14호선 창녕-밀양간 건설공사 제3공구 시행중 터널굴착 작업중 터널 막장에서 지보설치를 위해 막장면으로 뉘어져있던 2개의 지보재를 분리 하려던 중 왼손 검지손가락이 한 지보재와 다른 한 지보재 사이에 끼어 손가락 끝부분 일부(약1cm)가 절단됨,0,근로자 1명 왼손 검지손가락 끝 일부(약1cm) 절단,특별안전점검 및 안전교육 시행,터널공 배OO(만46세)이 무안2터널(함양방향) Sta.4+962 지점 막장에서 지보설치를 위해 겹쳐져 있던 2개의 지보재를 분리 하던중 왼손 검지손가락이 지보재 사이에 협착됨,지정병원 이송 후 응급처치 -> 접합수술 전문병원 후송 후 접합수술 시행,지보재 분리시에 지보재 사이에 쐐기를 설치하여 공간 확보-작업팀 작업절차 수시 교육 실시
TA-0015,기타,끼임,기타,작업대차,연결작업,시공오류,안전수칙 미준수,작업자 통제 미흡,버력을 운반하는 광차와 광차 연결 작업중 신호관리가 미흡하여 근로자의 머리가 광차와 광차 사이에 협착되어 사망한 사고,1,물적 피해 없음,"유가족 입국 및 장례절차 등 보상 협의 진행, 사고업체 행정조치","터널공사 중 광차와 광차를 연결하기 위해 핀 고정 작업 중, 작업자 부주의로 광차 인양 돌출물에 머리가 협착되어 사망사고 발생",응급후송 및,"기관차 운전시 신호 업무 철저, 연결잭 확장"
TA-0016,도로터널,물체에 맞음,토사 및 암반,터널 막장면,설치작업,시공오류,시공불량,시공품질 미확보,"막장명 작업시 부석(뜬돌) 제거 미흡으로 인한 부석이 발생, 떨어진 부석에 맞음",0,"부상 1명  발생, 재산피해 없음",향후 동종재해 발생방지를 위한 막장면뜬돌 관리에 철저를 기할 것임,"황장재터널 시점측 붕락부 보강공사 구간 막장면에서 동료 근로자와 기존 타설된 숏크리트를 제거후 강관지보 설치 작업 중 막장면 높이
2. 5M에서 떨어진 직경 40cm 낙반에 맞음","부상자 병원 후송, 응급조치. 타병원 이송 및 수술 실시","터널 내부 작업시 근로자 등판보호조끼 등 보호구 필착용하며, 철재 제작 덮개 등을 막장면 작업시 설치할 것임. 또한, 위험성평가 항목에 포함하여 뜬돌에 의한 재해관리를 철저히 할 것임"
TA-0017,도로터널,"절단, 베임",건설공구,공구류,절단작업,시공오류,안전수칙 미준수,작업자 부주의,완전히 정지되지 않은 고속절단기 회전날에 오른손 접근,0,작업자 1인 손가락 베임으로 병원 진료 중,사고 재발방지를 위한 안전교육 강화,"공기정화시설2 하행선 EV구간 라이닝 마감벽 거푸집 설치 작업장에서 고속절단기를 이용하여 각재 절단 작업 중 재해자가 각재 절단 후 고속절단기 회전날이 완전히 정지되지 않은 상태에서 각재를 옮기려다 회전날에 코팅장갑이 걸려서 오른손 4,5번 손가락 베임",사고 직후 병원 이송 후 진료 및 봉합수술 실시,목재 절단 작업시 유의사항에 대하여 교육 실시
TA-0018,기타,떨어짐,건설공구,사다리,설치작업,시공오류,안전수칙 미준수,작업자 부주의,안전고리 미체결 이동중 추락,1,2019년 10월 4일 오후 13시 10분경 방음터널 상부 방수테이프 및  AL CAP 설치를 위해 점검사다리를 이용 상부로 올라가다가 생명줄 체결 전 발을 헛디뎌 약 8m아래로 추락하여 병원 이송 후 사망한 사고임.,"- 사다리로 올라가 작업을 하기 위해 발생한 사고로 작업방식 개선
- 근로자 안전교육 실시(추락원인 및 대책)",2019년 10월 4일 오후 13시 10분경 방음터널 상부 방수테이프 및 AL CAP 설치를 위해 점검사다리를 이용 상부로 올라가다가 생명줄 체결 전 발을 헛디뎌 약 8m아래로 추락하여 병원 이송 후 사망한 사고임.,"- 13시 10분 : 사고발생
- 13시 14분 : 작업반원(OO) 최초 사고 신고(119)
- 13시 15분 : 사고발견(안전반장 OO) 후 보고(공사부장 OO)
- 13시 18분 : 119 구급차 현장도착 및 응급조치
- 13시 19분 : 사고자 병원이송(OO대학교병원)
- 13시 45분 : 병원도착
- 14시 10분 : 사망(OO대학교병원)","- 사다리로 올라가 작업을 하기 위해 발생한 사고로 작업방식 개선
- 근로자 안전교육 실시(추락원인 및 대책)"
TA-0019,도로터널,떨어짐,건설자재,자재,운반작업,시공오류,안전수칙 미준수,작업자의 불안전한 행동,근로자의 불안전한 행동(신호방법 및 절차 미숙지)안전보호구 미착용(안전모),0,우측어깨 골절,재발방지 대책 수립 후 안전관리 철저,"재해자가 2019년 10월 8일 오전 11시 10분경 터널 종점 입구 전기창고 컨테이너 앞 1톤 화물차 적재함 위에서 페이로더로 전기배선을 하차하던 중 적재함 바닥에 깔려 있던 파렛트에 발이 걸려 약
1. 2미터 지면 아래로 넘여져 두부에 출혈과 어깨가 골절되는 사고 발생",인근병원 이송 후 치료,근로자의 신호방법 및 절차 숙지관리감독자 밀착 안전관리 및 안전보호구 착용 철저
TA-0020,도로터널,"절단, 베임",건설기계,굴착기,정비작업,시공오류,안전수칙 미준수,작업자 부주의,타이어휠과 타이어 사이에 오른손가락 검지가 끼어 손가락 부상,0,3일 이상의 휴업 발생,사고사례 현장 전파로 동종 재해 예방조치 및 근로자 안전교육 실시,GS건설(주) 이천~오산 고속도로 4공구 노곡터널 시점부 구간에서직영 터널 장비(굴삭기 0.8)운전원이굴삭기 타이어 펑크로 인해 교체 작업 중 휠과 타이어 사이에 오른손가락 검지 첫마디가 협착되어 봉합 수술함,병원 후송 및 진료 실시(현재 봉합수술 완료),사고사례 전파로 동종 재해 예방 및 근로자 안전교육 철저
TA-0021,철도터널,물체에 맞음,건설자재,자재,조립작업,시공오류,안전수칙 미준수,작업자 부주의,"헤더박스 길이(4,800mm)에 비해 핸드지게차 포크 폭(700mm)이 좁은 상태에서 상승도중 균형이 맞지 않아 무게중심이 한쪽으로 쏠려 미끄러지면서 근로자의 좌,우측 발을 타격함",0,타박상 및 골절,"중량물 인양전 인양물 길이, 형태 등을 고려하여 양중기계 선정 및 보완 후 작업실시","003정거장 지하2층 승강장 스크린도어 설치를 위해 바닥에 있는 헤더박스를 핸드지게차로 설치위치까지 수직으로 상승 중 헤더박스의 균형이 맞지 않아 헤더박스가 미끄러지면서 재해자의 좌,우측 발등이 협착됨",수술 및 입원치료,"1. 중량물 취급방법 변경
- 핸드지게차 포크 폭을 확장하여 지지면을 넓게 하고 미끄럼방지 조치 실시 및 중심 확인표 부착 및 로프를 고정하여 기울어짐 방지조치"
TA-0022,기타,넘어짐,가시설,비계,설치작업,시공오류,안전수칙 미준수,작업자 통제 미흡,가설방음벽 비계설치를 위해 이동중 토사에 미끄러짐,0,우측 새끼손가락 인대손상으로 인한 봉합수술과 관련하여 6주간의 치료를 요함,"1.통행로 확보 철저(진입계단, 자재 등 적치물 등 이물질 제거)
2. 근로자 전파교육(사고사례를 통한 재발방지교육)
3. 공종별 개인보호구 지급 및 착용상태 확인",2019년 10월 25일 09시40분경 가설 방음벽 비계공인 재해자가 작업을 위해 이동 중 넘어지면서 해체되어 있던 삼표시멘트 담벼락의 튀어나온 철근을 짚어 우측 새끼손가락 인대손상,"강원도 동해시 소재 동인병원으로 이송 후 치료, 산재보고 기간 내 산업재해조사표 제출","근로자에 대한 교육(이동간에 미끄럼 주의, 통로 구획의 확보, 이동간에는 반드시 도보로 이동, 작업 시 보호장갑 착용 등)"
TA-0023,도로터널,물체에 맞음,시설물,터널 갱구부,설치작업,시공오류,시공불량,구조안전 미확보,격자 지보 설치 작업시 2인1조 신호체계 불일치,0,왼손 약지 손가락 미세골절,"- 근로자 불안전한 행동 제거 및 수시 점검
- 관리감독자 현장 안전점검 강화",유정터널(양평) 시점부 구간에서 금풍건설 터널공이 갱문 상하 지보 볼트 체결 부위을 풀다가 격자 지보에 왼손 손가락이 부딪힘,현장 인근 병원으로 치료 위해 이동 조치,격자 지보 설치 및 해체 작업시 2인1조 신호체계 확립 철저
TA-0024,철도터널,물체에 맞음,부재,철골부재,절단작업,시공오류,안전수칙 미준수,개인 안전보호구 착용 불량,철근가공 근로자가 철근절단 중 절단된 철근 끝부분(약 7cm)이 튀어 얼굴 미간에 맞음,0,"코뼈 골절, 안면 약 1cm 봉합",산재보험 지급신청 및 근로자 대상 안전교육 실시,2019.11.12(화) 지하철 정거장(BN6) 철근가공 근로자가 철근절단(D22mm)중 절단된 철근이 튀어 안면에 맞아 코뼈 골절,시공사 지정병원(베리굿 병원) 외래 진료,안전사고 발생사례 공유 및 근로자 안전교육 실시
TA-0025,철도터널,넘어짐,건설자재,자재,운반작업,시공오류,안전수칙 미준수,작업자 부주의,바닥면 물기로 인한 발 미끄러짐,0,작업자 미끄러짐으로 인한 전도로  오른손 부상,"작업자 상해치료 및 자재적재 장소 변경, 작업장 정리정돈, 위험요인 제거",남악터널내 종점측에서 타설용 배관 자재를 동료근로자와 내려놓고 이동하는 순간 발이 미끄러지며 오른손을 바닥을 짚으면서 부상사고 발생,자재 적재장소 변경 / 일용공 대상 앗차사고 교육실시,바닥 물기 수시제거 / 자재 적재 장소 변경
TA-0026,도로터널,물체에 맞음,토사 및 암반,터널 막장면,장약 및 발파작업,시공오류,시공불량,시공품질 미확보,부석제거 작업 완료후 천공작업 중 천공기의 진동에 의해 미처 제거하지 못한 부석이 낙하 함.,0,막장면 부석이 작업자의 무릎에 맞음,특별안전점검 및 작업자 안전교육실시 전체 근로자 사고사례 전파,광명터널(포항방향) STA5+683.5지점에서 근로자김OO(OO년OO월OO일생)씨가 천공(점보드릴) 보조작업을 하던 중 막정면 하단부 부석정리 작업을 하는 과정에서 1m60cm정도의 높이에서 천공작업중 사용하던 물에 의해 부석이 굴러와서 근로자 김OO씨의 왼쪽 무릎 아래부분을 타격하여 미세골절이 발생함,작업자의 통증으로 동국대 병원 응급실에 진료하여 1주일 정도의 입원치료가 필요하다는 진단을 받음,막장면 부석제거 상태 확인을 철저히 하며 실링작업을 실시함.
TA-0027,도로터널,넘어짐,건설기계,덤프트럭,이동,시공오류,안전수칙 미준수,작업자 부주의,계단을 이용 내려오던중 작업자 부주의,0,퇴근중 계단에서 미끄러져 넘이지면서 계단에 옆구리를 부딪히는 사고로 좌측 8-9번 늑골절,지속적인 근로자 안전교육 실시 및 가설계단에 미끄럼 방지시설 추가설치 실시,덤프트럭 운전원(이OO)이 작업을 끝내고 탈의실에서 옷을 갈아입고 퇴근하려고 계단을 내려오던중 미끄러지면서 옆구리를 계단에 부딪힘.,근로자 가슴통증으로 병원 내원,근로자 안전교육 및 계단에 미끄럼 방지 논슬립 추가설치 실시
TA-0028,철도터널,감전,기타,"전주, 전선",보수 및 교체작업,시공오류,안전수칙 미준수,작업자의 불안전한 행동,"비단전상황에서 불필요하게 로라대를 연결중 전차선에 접촉, 감전",0,"재해자의 부분 3도화상 발생, 휴업급여 및 진료비용","재발방지대책을 기준으로 개선후, 작업 재실시 예정향후, 감전의 위험이 있는 공정 진행시 교육 철저",작업자 안재흥은 '19년 11월 22일(목) 00:40분경 운행안전관리자의 허가하에 기흥역 상선 출입하여 준비작업(로라대 조립중) 중 상부본선 전차선에 접촉(감전사고) 발생,119신고 및 긴급 병원 후송,"1. 불안전요소 사전제거를 위해 모든 작업을 단전후 현장 투입
2. 작업관련 도구를 절연성 자재로 교체
3. 작업전 안전교육 철저"
TA-0029,도로터널,떨어짐,건설기계,기중기(이동식크레인 등),정리작업,시공오류,안전수칙 미준수,작업자 부주의,카고크레인 적재함에서 자재 정리 중 적재함 상부 자재(각목)를 밟아 중심을 잃고 적재함 하부로 뛰어내리는 과정에서 왼쪽 발 뒷꿈치에 충격이 가해져 골절이 발생함,0,근로자 발 뒷꿈치 골절,카고크레인 상부 자재 적재시 정리정돈 철저돌절기 근로자 스트레칭 강화,카고크레인 적재함 상부에서 자재 정리를 위하여 이동중 각재를 밟아 중심을 잃고 적재함 하부로 뛰어 내리다가 왼쪽 발 뒷꿈치 골절,11.22 원병원 내원(X-ray 결과 골절여부 판정 불가)11.23 동신병원에 내원(MRI조사결과 미세골절 의심 판정)11.24 미세골절 확정 판정,카고크레인 상부 자재 적재시 정리정돈 철저
TA-0030,철도터널,"절단, 베임",가시설,작업발판,절단작업,시공오류,안전수칙 미준수,작업자 부주의,작업자가 토류판 절단시 토류판 하부에 임시 작업대(고임목 등)를 설치하지 않고 토류판 절단작업을 실시하여 바닥앵글과 전기톱날이 접촉되어 톱이 작업자에게 튕겨 부상을 입힘,0,수술비 및 휴업 손실비 등,"안전작업 방법 특별교육 실시, 공구(체인톱) 전수 안전점검 실시, 토류판 절단 작업자 지정","환승통로 점검통로에서 점검통로 발판 설치를 위하여 토류판 절단 작업 중 재단할 토류판을 임시 작업대(고임목 등)에서 작업하지 않고, 토류판을 바닥에 놓고 작업중 전기톱 날이 바닥앵글과 접촉되면서 톱날이 튕겨 근로자 좌측 대퇴부 내측 손상 (추정)",119 응급요청 후 병원(부산대 권역외상센터 응급실)으로 이송,"안전작업 방법 특별교육 실시, 공구(체인톱) 전수 안전점검 실시, 토류판 절단 작업자 지정"
TA-0031,도로터널,물체에 맞음,건설자재,볼트,설치작업,설계오류,공법선정 미흡,적정 공법검토 미흡,터널내부에서 락볼트 설치 작업을 위해 차징카에 여러개의 락볼트(5m)를 적재하고 상승중 락볼트의 균형이 맞지않아서 지상으로 내려와 락볼트의 균형을 맞추던 동료 작업자가 발을 띄는 순간 락볼트 불균형으로 인한 락볼트 전도로 재해자 안면부를 타격하여 치아파절이됨,0,"1. 11,12치관, 치근 파절, 12 치수의 괴사2. 요양급여:20,000원",근로복지공단 처분에 따라 시행 예정임,재해자는 외국인 근로자로 사고당시 동향터널 막장에서 일하던 자로 락볼트 설치 작업을 위해 차징카에 여러개의 락볼트(5m)를 적재하고 상승중 락볼트의 균형이 맞지않아서 지상으로 내려와 락볼트의 균형을 맞추던 동료 작업자가 발을 띄는 순간 락볼트 불균형으로 인한 락볼트 전도로 재해자 안면부를 타격하여 치아파절이됨 (사고발생장소: 사고장소가 터널이라서 편의상 현장사무실 주소임),진안의료원을 경유하여 전북대학병원에서 산재승인되고 현재 용인 탑치과에서 진료 진행중,"1. 락볼트 운반 및 설치 작업시 근로자 상호간에 소통하여 작업 실시
2. 락볼트 운반 및 설치시 관리감독자 상주하여 작업실시"
TA-0032,철도터널,넘어짐,건설공구,사다리,정리작업,시공오류,안전수칙 미준수,작업자 부주의,현장내 주차공간 협소로 현장외부 안전지대에 주차 후 적재된 자재 고정상태 확인 후 하차하는 과정에서 간이사다리에서 미끄러져 사고 발생.,0,"요추 골절, 손목타박상",산업재해 처리를 위해 협조 예정,2019년 12월 3일 16시경 협력업체 카고크레인 기사(김OO)가 현장 외부 한남대교 방향 안전지대에 주차 후 적재된 자재의 고정상태를 확인하고 부착된 사다리를 이용하여 내려오던 중 부주의로 발이 미끄러지면서 바닥으로 추락하는 사고 발생.,"현장외부 안전지대 주차로 인해 목격자가 없어, 재해자 판단에 의한 스스로 병원 방문 및 검진실시 후 다음날 유선 보고함. 현재 병원에 입원 중으로 허리골절 수술여부 판단 중이며, 산재 접수 예정임","작업자들에게 장비 하차시 및 현장 이동시 미끄러짐으로 인한 넘어짐, 추락 등을 주의할 것을 당부"
TA-0033,철도터널,떨어짐,가시설,버팀보,이동,시공오류,안전수칙 미준수,작업자 부주의,2019.12.13. 오전 11:00경 506정거장에서 재해자가 버팀보 상부에서 브레이싱 작업을 위해 이동하며 안전고리를 풀었다가 다시 거는 중 버팀보 상부에 놓여있던 미고정된 앵글을 밟아 아래로 추락함(H=2.5m),0,수술비 및 휴업 손실비 등,"작업자 특별안전교육 실시(올바른 작업방법, 안전사고 경각심 제고, 사고사례 등)","상기일시에 재해자가 버팀보 상부에서 이동중 앵글을 밟고 하부로 추락 (높이
2. 5M)",인근 병원으로 이송(부산시 사하구 소재 삼육부산병원),"작업자 특별안전교육 실시(올바른 작업방법, 안전사고 경각심 제고, 사고사례 등)"
TA-0034,도로터널,"절단, 베임",가시설,거푸집,조립작업,시공오류,안전수칙 미준수,작업자 부주의,작업자 부주의,0,- 왼쪽 손가락 중지(2째 마디 손 바닥) 신경과 피부 찢어짐- 요양 기간 : ’19.12.14 ~ ‘20.01.03 (3주간 가료 필요),"- 향후 면목이 움직이지 않도록 못 등 이용하여 각재에 고정하고 톱으로 절단
- 목재 , 면끼 등 소 부재 절단 작업 시 올바른 작업 자세와 방법에 대한 반복적인 교육",19.12.14 (토/13:30) 양지터널 시점부 공동구에서 윤0수(목수)가 거푸집 면끼(면목) 잘단 작업중 커터칼이 미끄러지며 재해자 자신의 좌측 손 중지를 베임.,부산소재 경희병원 입원 후 손가락 신경과 피부 봉합 수술 시행 ( 12.16 현재 퇴원 ),"- 향후 면목이 움직이지 않도록 못 등 이용하여 각재에 고정하고 톱으로 절단
- 목재 , 면끼 등 소 부재 절단 작업 시 올바른 작업 자세와 방법에 대한 반복적인 교육"
TA-0035,철도터널,떨어짐,가시설,비계,준비작업,시공오류,안전수칙 미준수,작업자 부주의,안전밸트 착용하였으나 안전고리 미체결,0,인적피해 : 부상 1명(좌측 팔 분쇄골절),작업원 안전교육 실시 및 작업전 안전확인 숙지,왕장터널 종점 개착부 시스템 비계와 개착터널 임시갱문 사이 단부 안전조치 위한 강관 파이프 클램프 체결중에 미끄러지면서 시스템비계와 터널 굴착 숏크리트 타설면 사이로 추락한 재해로 근로자가 안전벨트를 착용하였으나 안전고리 미체결 상태로 작업,재해자 상태 확인 후 동료차량으로 병원 호송,작업원 안전교육 실시 및 작업전 안전확인 숙지
TA-0036,기타,떨어짐,건설자재,자재,연결작업,시공오류,안전수칙 미준수,작업자 부주의,"2019년 12월 19일 오전 11시 30분경 공사 종점 생태통로 PC부재 반입 후 하차 및 거치 작업을 위하여 트레일러에 상차 되어있는 PC부재 상부로 올라가서 줄걸이 링크를 걸기 위해 이동중 중심을 잃어
2. 7m 아래로 뛰어내림.",0,다리골절,안전관리계획 재수립 후 철저한 검토 및 승인 후 작업 재개될 수 있도록 조치,"2019년 12월 19일 오전 11시 30분경 공사 종점 생태통로 PC부재 반입 후 하차 및 거치 작업을 위하여 트레일러에 상차 되어있는 PC부재 상부로 올라가서 줄걸이 링크를 걸기 위해 이동중 중심을 잃어
2. 7m 아래로 뛰어내림.",작업중지 및 부상자 병원 후송,안전조치 확보 후 공사시행
TA-0037,철도터널,끼임,건설기계,굴착기,정리작업,시공오류,시공계획 미준수,작업순서 미준수,장비작업중 재해자가 작업부위 지시 과정에서 장비가 접촉,0,손가락 골절 수술,사고사례 전파 교육 및 장비작업시 작업개소 지시는 레이저포이트 등을 사용하는 것으로 개선 관리,터널 헌치부 콘크리트 면정리(브레이커 작업)를 위해 미니굴삭기와 재하자가 같이 작업중 미니굴삭기 장비기사에게 면정리할 콘크리트 부분을 가리키는 중 장비 브레이커가 재해자 손가락을 치며 콘크리트사이 협착,"08:40 사고발생, 08:50 병원후송, 09:05 검사, 12:00 골절수술",사고사례 전파 교육 및 장비작업시 작업개소 지시는 레이저포이트 등을 사용하는 것으로 개선
TA-0038,철도터널,넘어짐,가시설,거푸집,설치작업,시공오류,기계장비관리 미흡,작업전 점검 미흡,카고크레인 텐테이블 볼트가 부러지며 크레인 붐대가 넘어져서 피하는 과정중에 사고 발생,0,찰과상(다리),안전교육 실시 및 장비안전점검 철저,002개착정거장 비상계단2 중앙파일 절단 작업중 카고크레인 텐테이블 볼트가 부러지며 크레인 붐대가 넘어지는 것을 확인하고 개착정거장 환기구 철근조립 작업중이던 윤OO씨가 피하려다 넘어져 다리쪽에 찰과상을 입은 사고임.,응급조치 후 병원 이송하여 입원치료,안전교육 실시 및 장비안전점검 철저
TA-0039,기타,떨어짐,부재,배관,정리작업,설계오류,사전조사 미흡,지반조사 미흡,지하공공보도 건설공사 주변 지반침하,1,상수도관 파손 보수,"지하사고조사자문단 운영중이며, 공사현장 전반에 대하여 정밀안전점검 실시 예정",2019년 12월 22일 07시 20분경 보도에 설치된 PE방호벽을 치우던 중 보도가 침하되어 작업자 1명 매몰됨,공사중지 및 사고원인조사 시행중,공사현장 정밀안전점검 실시 예정
TA-0040,철도터널,넘어짐,기타,기타,해체작업,시공오류,안전수칙 미준수,작업자의 불안전한 행동,"터널 내 공종 간 부대작업 중 부적절한 도구의 사용
- 현장 내 사다리 작업을 제한하면서, 일부 손이 닿지 않는 위치에 대해 근로자가 임의로 생수박스를 이용하다 넘어짐",0,우측 어깨부분 통증 호소,근로자 안전 교육 및 안전사고 예방 교육 실시,전선거치대 철거 작업중 넘어지면서 발생된 사고,"2019. 12. 27. 10:00 사고발생2019. 12. 27. 병원 내원2019. 12. 28.~29. 작업 후 퇴사2020. 1. 2. 통증 호소(통증이 지속된다고 함)2020. 1. 2. 병원 내원 및 MRI 촬영2020. 2. 11. 근로자 요양, 급여 결정 통지서 교부",근로자 안전 교육 실시
TA-0041,도로터널,떨어짐,가시설,특수거푸집(갱폼 등),해체작업,시공오류,시공불량,시공품질 미확보,라이닝폼 용단작업시 발판용 앵글부분 탈락으로 추락,0,재해자 팔과 옆구리에 2도화상 및 눈주위 열상,"고령(신규)근로자 특별안전교육강화, 라이닝폼 해체작업시 관리감독자 상주관리","터널내 라이닝폼 해체시 산소절단 작업중 앵글부분이 떨어지며
1. 5m 높이에서 추락하며 산소절단기에 불이 붙은 상태로 팔과 옆구리에 2도화상 및 눈주위가 발판잔재물에 부딪히며 열상을 입은 재해임","사고발생 20년 1월 10일 15:50분, 재해자 이후 계속근무함. 20년 11월 4일 근로복지공단 산재접수, 20년 11월 16일 원청사 사고사실 인지, 21년2월 5일 안전관리종합정보망 등록,발주청 조사 21년 2월 8일",라이닝폼 해체작업시 관리감독 철저 및 근로자 안전교육 실시
TA-0042,도로터널,물체에 맞음,가시설,흙막이가시설,인양작업,시공오류,현장계측 미흡,시공관리 미흡,"정상적인 인양순서는 2줄걸이 하카삽입 및 안전고리 체결, 돌음방지 로프 묶기를 동시에 한 후 인양반경 밖으로 근로자 이동 확인후 인양작업을 실시하여야 하나근로자의 순간 착오로 인양물 하부에 있던 돌음방지 로프를 가지러 들어간 순간 양중물 인양고리(안전하카)가 탈락하며 자재에 깔림.",0,"(주 상병)하대정맥의 손상,열상(부 상병)십이지장의 손상,기타 및 상세불명의 소장의 손상, 상처가 없는 결장의 손상, 좌상",향후 동종 작업 시 작업 전 불안전한 행동 방지 및 줄걸이 기구 사용전 점검등에 대한 특별교육을 실시하고 작업지휘자등을 배치하여 작업 중 불안전한 행동 예방관리 및 불안전한 상태를 개선,"2020년01월18일 오전 10시40분경, 국도17호선 오창사거리 지하차도 공사구간내 STA.0+350(청주방향) 지점에서 가시설작업자 김OO이 이동식크레인과 동료작업자 최OO이 PS띠장(488)을 복공판 바닥에서 양중하기 위하여 줄걸이 체결(하카) 작업을 한후
1. 5M가량 인양하던 중 보조로프를 묶기위해 인양물 하부로 지나가던 중 인양고리가 빠지며 자재가 등쪽으로 떨어짐.",사고접보후 119로 OO 병원 권역응급의료센터 후송후 응급조치 및 치료중,"근로자 안전의식 고취를 위해 안전교육시 중량물 취급에 대한 교육 및 순찰을 강화하며, 줄걸이 기구 사용기준을 철저히 준수하여 사용할 수 있도록 위험작업시 작업지휘자 상주하여 관리 실시"
TA-0043,철도터널,떨어짐,기타,지하매설물,해체작업,시공오류,안전수칙 미준수,작업자의 불안전한 행동,"상수도관과 측벽사이 공간협소로 인력굴착을 시행하였으며, 사고자가 전날 본인이 선행하여 시멘트 슬러지를 파쇄한 것을 망각하여 하부토사가 제거된 상태로 지지력이 상실된 상태에서 작업을 하여 시멘트덩어리와 함께 하부 토사법면으로 추락함.",0,오른쪽 무릎 십자인대 파열,"예방대책에 따라 조치 후 작업 시행위험성평가, 안전교육 강화",본선 낙동대로 2구간 4K 220 상수도 매달기 작업장에서 다합건설㈜ 직영인부 정OO이 상수도관(1200mm)과 측벽사이 폭 70cm에 고결되어 있는 지반보강 시멘트 슬러지(두께40~20㎝)를 상수도관 매달기 작업을 위해 핸드브레커를 사용하여 파쇄작업을 수행하던 중 시멘트 슬러지가 파쇄되면서 재해자가 시멘트 덩어리와 함께 사토사법면으로 미끄러져 넘어져서 오른쪽 무릎에 부상을 당함.,부상자 병원 이송,상수관과 측벽사이의 공간 확보로 소형굴착기를 이용한 슬러지 제거작업 시행피치못할 사정으로 인력작업시 주형보 브레이싱에 안전밸트걸이 시설을 설치하여 추락방지 안전밸트 체결 후 작업 시행
TA-0044,기타,떨어짐,토사 및 암반,터널 천단부,굴착작업,시공오류,사전검토 미흡,사전 설계도서검토 미흡,2020년 02월 01일(토) 오후 06시 30분경 피재자는 제3호 용수간선 제5-2호 터널 굴진을 위해 굴삭기로 굴착면 정리 작업을 하던중 피재자 머리위 약 50cm 위에서 부석(약 50cm추정)이 떨어지며 어깨를 강타 하였고 그 충격에 의해 갈비뼈 및 척추뼈가 골절이 발생한 사고임.,0,작업자1명부상,부상자는치료및경과확인중이며지보공보완등안전시설보강하고철저한안전교육등실시,제5-2호 터널 굴진을 위해 굴삭기로 굴착면 정리 작업을 하던중 피재자 머리위 약 50cm 위에서 부석(약 50cm추정)이 떨어지며 어깨를 강타 하였고 그 충격에 의해 갈비뼈 및 척추뼈가 골절이 발생한 사고임.,"119 신고후 응급실로 이송하였고, 작업장에 대한 조사 실시 및 부석 유무 확인, 강지보공 설치함","터널 작업전 부석 유무를 확인하고 제거, 강지보공 적시에 설치하여 낙석 발생을 차단하고, 장비 운전석 보호 커버 설치를 설치하여 떨어지는 낙석으로부터 근로자를 보호 할 수 있도록 시정 조치실시, 또한 안전교육을 실시하여 잘못된 작업방법 및 의식을 개선하고 안전에 대한 경각심을 일깨워 다시는 사고가 재발하지 않도록 노력하겠음."
TA-0045,철도터널,넘어짐,부재,슬래브,조립작업,시공오류,안전수칙 미준수,작업자 부주의,철근조립 작업 중 미끄러지면서 철근 돌출부에 찔림,0,왼쪽 다리 허벅지 5cm 열상,근로자 안전교육 실시,"장소: BN6정거장 종점 B3층 7스판 하부슬라브 기초재해발생내용: 기초 철근조립 작업중 재해자가 미끄러져 전도되면서 하부 스터럽 철근 돌출부에 찔림사고 발생재해정도: 좌측허벅지 내전근의 부분손상, 타박상 및 열상
- 2주간 안정필요",베리굿(남양주 소재) 병원 진료,근로자 안전교육 실시
TA-0046,도로터널,물체에 맞음,토사 및 암반,터널 막장면,굴착작업,시공오류,시공불량,시공품질 미확보,막장면 부석정리중 예상하지 못한 부석(낙석)으로 인한 사고 발생,0,차장카를 이용하여 부석정리중 낙석으로 인하여 손가락 부상,부상작업자 관리 및 사고 재발 방지대책 수립 시행,신원1터널 울산방향 STA.1+715 막장에서 장약작업 전 차징카를 이용하여 부석제거 작업 중 막장면 좌측 중상단에서 부석이 막장에서 튕겨 차징카에서 부석을 제거하던 작업자 손에 부딪힘.,사고발생후 병원진료후 손가락 핀 고정수술 완료,"부석정리 작업시 인력최소화, 차장카 보호캡 활용 철저, 부석정리 백호 등 장비이용 노력, 작업자 안전교육 등"
TA-0047,철도터널,떨어짐,건설기계,기중기(이동식크레인 등),이동,시공오류,안전수칙 미준수,작업자 부주의,카고크레인 운전원이 조정석으로 올라가던 중 사다리에서 손이 미끄러져 지상으로 뛰어내리던 중 착지를 잘못하여 엉덩방아를 찧었음.,0,일시적 작업 중단,"카고크레인 승강 사다리 미끄럼 방지조치, 작업방법 및 위험예지 특별교육 실시, 작업자 안전관리감독 강화",2020년 02월 25일 08시 55분경 사상구 괘법동 559-11 소재 서부산 센텀병원 앞 작업장에서 당일 계약만료에 따라 카고크레인 적재함에 실려있는 자재를 하역하고 장비를 반출하기 위해 보통인부 2명과 장비를 Setting(아웃트리거 설치)한 후 조정석으로 올라가던 중 승강로에서 미끄러져 뒤로 뛰어내려(1.2m) 바닥에 착지하다 넘어져 엉덩방이를 찧는 사고 발생,사고자 병원 후송 및 산업재해 신고,"카고크레인 승강 사다리 미끄럼 방지조치, 작업방법 및 위험예지 특별교육 실시, 작업자 안전관리감독 강화"
TA-0048,도로터널,떨어짐,건설기계,로더,정비작업,시공오류,안전수칙 미준수,작업자 부주의,장비 자가정비 후 내려오기 위해 이동 중 근로자 부주의로 인하여 미끄러져 떨어짐,0,피해 없음,재발방지대책 이행 철저,작업 종료 후 숙소 복귀 전 로우더 운전석 전면 유리 청소 후 내려오던 중 미끄러져 떨어짐,"2020.02.29 22:00 삼성창원병원 진료(요추 2번 압박골절 진단), 2020.03.02 인하대병원으로 전원(재해자 거주지 인근)","지정된 통로, 작업발판 이용 및 개인보호구 착용"
TA-0049,기타,"절단, 베임",건설공구,공구류,절단작업,시공오류,안전수칙 미준수,작업자 부주의,위험작업중 해당 작업에 집중하지 않고 다른 작업까지 신경 씀(작업중 부주의),0,작업자(1인) 왼손이 회전체에 접촉되어 베임,작업자 안전교육 및 안전활동 철저,"재해자가 고속절단기로 옹벽 배수용 PVC Pipe(지름100mm)를 절단한 후 절단기를 들어 올리면서 회전을 정지시키고, 재해자 본인이 지시한 작업 진행상황을 확인하려 전면을 바라보는 순간, 회전체가 완전히 정지되지 않은 상태에서 PVC Pipe를 잡고 있던 왼손이 회전체에 접촉되어 손등을 베인 사고","순천 오병원으로 이송, 수술치료 후 부산(연고지) 고려병원에서 치료중",위험작업시에는 해당작업에만 집중하도록 안전교육 실시
TA-0050,도로터널,물체에 맞음,부재,철골부재,운반작업,시공오류,현장계측 미흡,시공관리 미흡,격자지보 운반시 유도로프 미사용,0,"오른쪽 무릎,발목 인대 파열, 오른쪽 정강이 골절",현장 점검 실시,"3월 15일 20:20분경 외국인근로자가 카리프트에 격자지보를 싣는 도중 격자지보의 무게중심이 흐트러져 미끄러지면서 격자지보에 우측 정강이,발목이 협착됨","사고즉시 병원 후송하여 응급조치, 입원 치료","유도로프 사용 / 관리감독자, 작업반장 지휘하에 운반 실시"
TA-0051,도로터널,넘어짐,가시설,비계,해체작업,설계오류,공법선정 미흡,적정 공법검토 미흡,비계파이프 해체후 방치된 자재를 작업자가 밟아 넘어짐,0,"작업자 1인(63세) 경추, 대퇴부 부분골절",2020.4.11. 준공일까지 사업장 안전교육 강화 및 안전관리 철저,"재해자가
1. 4m높이에서 거푸집 해체작업 중 파이프서포트 지지용 비계파이프를 해체 후 작업구간에 방치한 상태에서 아래로 내려오다, 방치된 비계파이프를 밟아 중심을 잃고 넘어짐",부산대 양산병원 후송조치,작업자 안전교육 강화조치
TA-0052,철도터널,넘어짐,건설자재,철근,이동,시공오류,안전수칙 미준수,작업자 부주의,근로자가 철근조립 작업을 마치고 이동 중 바닥에 놓여 있는 철근(D13mm)을 인지하지 못하고 밟아 넘어지면서 오른쪽 발목 접질림,0,X-ray 검사결과 우측 족관절 외측 복사 골절 소견,근로자 대상 안전교육 실시,"- 장소: 본선터널 2구간 STA.11KM 459 지점
- 일시: 2020년 3월 18일(수) 16시 40분경
- 사고경위: 재해자(장OO, 55세)가 인버트 철근 조립 작업을 마치고 이동 중 STA.11km 459 위치에 있는 철근(L=1.0m, D13mm)을 인지하지 못하고 밟아 넘어지면서 오른쪽 발목이 접질림 사고
- 의사소견(베리굿병원, 남양주시 별내동): 우측 족관절 외측 복사 골절",베리굿병원(남양주 별내동 소재) 진료 후 반깁스 처치,근로자 대상 안전교육 실시
TA-0053,기타,물체에 맞음,기타,기타,정리작업,시공오류,안전수칙 미준수,작업자 통제 미흡,터널에서 가설도로 정리작업을 위해 백호와 함께 들어가 암 파쇄 작업지시를 하던 중 파쇄암 파편(비산추정)이 좌측 아래 다리 종아리 부위에 부딪혀 타박상을 입은 재해임,0,타박상을 입어 치료하던 중 약 2개월 후 MRI 진단 결과 좌측 종아리 근육파열(질병분류기호 T146) 진단을 받은 사고,"1. 현장관리자 안전교육 등 안전사고 재발방지 철저 지시
2. 사고발생시 중대여부 관계없이 즉시 보고토록 지시","2020년 3월 23일 재해자 박OO(남, OO)은 터널내 가도 조성을 위해 굴삭기와 함께 진입하여 본선터널 D-D' 구간에서 브레이커 작업을 지시하고 대피하다가 브레이커 작업시 비산된 파쇄암 파편이 재해자의 좌측 종아리 부위에 부딪혀 타박상을 입어 치료하던 중, 6월 4일 MRI 진단 결과 좌측 종아리 근육파열 진단을 받은 사고임.","재해자 면담, 산업재해 조사표 작성, 근로자 안전교육 실시, 근로복지공단 재해자 산재조사(재해자 신청시)","1. 협력업체의 경미한 상항포함 신속한 보고 체계확립 및 처리, 대처
2. 비산 반경 통제선 설정 및 출입통제
3. 동종 작업시 지시 구간 마킹 및 관리자 완전 철수 확인 후 작업
4. 관리자 배치로 불완전 행동 및 상태 사전제거 조치
5. 현장 안전순찰 강화"
TA-0054,기타,"절단, 베임",건설자재,자재,조립작업,시공오류,현장계측 미흡,시공관리 미흡,철근에 걸려 넘어짐,0,재해자 왼손 약지 마지막 마디 부분절단,"보강찬넬에 보호재 설치 확인, 슬라브 철근 조립시 통로발판 확보, 현장 안전관리 철저 재지시","1. 보강철근(L=1m)을 들고 이동중 넘어짐
2. 넘어지며 버팀대 보강용 찬넬 모소리에 손을 짚음
3. 찬넬 모서리에 있는 왼손위로 오른손에 들고 있던 철근이 눌리며 왼손 약지 손가락 일부가 부분 절단됨","여의도 성모병원 즉시 후송 후 수지접합 전문병원(강남 수병원)으로 후송조치 및 봉합수술 실시, 19시경 수술완료, 수술잘됨","작업전 TBM 실시, 보강찬넬 보호재 부착, 작업중 전방주시 교육"
TA-0055,도로터널,물체에 맞음,토사 및 암반,부석,굴착작업,설계오류,구조검토 미흡,구조계산 오류,천단부 암반에서 락볼트 지지력(14t)을 초과한 삼각형 모양의 쐐기파괴(약 33t)가 발생,1,장비 운전원 사망 및 굴삭기 파손,2차 사고 대비하여 터널 전면 작업중지 및 안전점검 실시 후 터널 보강작업 시행 예정,2020년 4월 8일(수) 12시 05분경 OO터널 NATM 굴착공사 중 천단부 암반에서 삼각형 모양의 쐐기파괴가 발생하여 암석이 작업 중이던 굴삭기 운전석에 떨어지는 사고발생,119구급대 출동 및 구조 후 병원 후송,2차 사고에 대비하여 터널구간 작업 중지 및 안전점검 실시 후 터널보강 작업 시향
TA-0056,기타,깔림,건설기계,로더,준비작업,시공오류,안전수칙 미준수,작업자 부주의,협소한 공간내에서 작업자와 장비 동시작업,0,근로자 1명 중상,항구적 재발대책 마련 및 안전교육 실시,"재해자 포함 작업자 5명이 유출부 터널내
1. 7km 지점에서 Weep Hole 천공작업을 위한 급기배관 연결 작업중, 터널내 4km 지점에서 배관자재 하역후 나오던 소형로더(바브켓)를 인지한 피해자는 장비를 피하기 위하여 이동중 미끄러지면서 소형로더 앞바퀴에 깔린사고임. 운전자는 바닥에 놓인 배관과의 간섭을 피하기 위해 버켓을 일정높이로 들어서 이동함에 따라 앉아서 작업중인 피해자를 인지하지 못하여 발생하였음",피해자 긴급 후송 및 응급수술 시행,"(안전작업) 신호수, 장비 사각지대 해소, 안전장비 강화로 안전성 확보(안전관리) 인력.장비 동시작업 최소화, 내국인 관리자 작업반 배치(안전교육) 공사관계자 안전교육 및 외부 지도점검 실시"
TA-0057,기타,넘어짐,건설공구,공구류,반출작업,시공오류,안전수칙 미준수,작업자의 불안전한 행동,중량물 인양작업중 자세불량으로 넘어져 엄지손가락이 로프에 끼임,0,"제1중수골 몸통의 골절, 폐쇄성(우측)  손톱의 손상이 없는 손가락의 열린상처(우측 제 1수지 근위부)",접검구 설치 해체 작업시 작업대 설치하여 안전한 작업유도 실시,잠관내부 물푸기에 사용된 양수기(2인치)를 인양하기 위하여 작업자가 점검구 상부에서 작업중 무게중심을 잃고 넘어져 인양용 로프가 점검구실 플랜지사이에 오른꼭 엄지손가락이 끼어 골절상 발생,사고발생후 즉시 재해자 인근병원으로 후송하여 긴급히 응급조치 실시. 현장은 양수기 인양후 점검구 플랜지 볼트체결조치 완료,작업대 설치하여 작업자 불안전한 행동 억제 조치 실시
TA-0058,기타,"절단, 베임",건설자재,자재,조립작업,시공오류,시공불량,구조안전 미확보,경사진 상태에서 철근 절단중 철근 자중에 의한 절단면 철근의 반동,0,재해자 안면부 좌측 봉합실시,"작업전 TBM실시, 철근 가공 및 조립시 2인1조 작업, 특별안전교육실시","4월 28일 10시 20분경 3블럭 슬라브에서 재해자 OO씨가 25mm철근을 절단 중 휴대용 유압절단기로 철근을 자르는 순간 튀어 오르는 철근 절단부에 좌측 얼굴을 베임 공간이 협소한 곳에서
4. 3m x 4.3m 길이의 25mm 철근의 끝단을 절단하기 위해 3블럭 슬라브 거더부위에 철근을 거치한 상태에서 하단부 60cm를 절단할때 철근이 튀어오르게 됨",병원 후송 및 치료,철근작업에 따른 위험사항 특별교육
TA-0059,철도터널,물체에 맞음,건설기계,콘크리트뱃칭플랜트,청소작업,시공오류,안전수칙 미준수,작업자 부주의,"작업종료 후 굴삭기 운전원이 현장 B/P장에서 작업복에 묻은 이물질을 에어호스로 청소하는 도중 에어호스를 놓치면서 에어호스가 좌측안구를 타격, 에어건 미 설치",0,왼쪽안구 손상,"사고 에어컴프레셔 용도 외 사용금지 조치, 작업자용 먼지털이 에어컴프레셔 설치, 작업자 교육",작업종료 후 굴삭기 운전원이 현장 B/P장에서 작업복에 묻은 이물질을 에어호스로 청소하는 도중 에어호스를 놓치면서 에어호스가 좌측안구를 타격 (사고인지시간 : 20.04.29 07시 17분),"사고자 병원 진료, 사고 보고 및 CSI 입력","사고 에어컴프레셔 용도 외 사용금지 조치, 작업자용 먼지털이 에어컴프레셔 설치, 작업자 교육"
TA-0060,도로터널,물체에 맞음,건설기계,기중기(이동식크레인 등),운반작업,시공오류,사전검토 미흡,안전관리계획 수립 미흡,"철근다발 인양 전 양단부에 슬링벨트 체결을 위해 해당자재를 일시적으로 인상하였으나, 철근을 임시고정하고 있던 벨트에서 철근다발이 이탈하여 근로자를 타격함",1,"근로자 1명 사망, 물적피해는 없음",고용노동부 처분조치 완료 및 재발방지조치계획 승인 후 공사재개예정,"지하차도 벽체 철근작업을 위해 하이드로 크레인을 이용한 철근 인양을 위한 준비작업 중 철근의 낙하로 근로자를 타격, 사망사고 발생","현장작업중지, 경찰, 고용노동부 사고원인 조사중","철근양중작업시 올바른 벨트체결방법에 대한 교육 철저, 무리하게 인양작업 진행하지 않도록 교육강화"
TA-0061,기타,떨어짐,가시설,기타 가시설,해체작업,시공오류,안전수칙 미준수,작업자 부주의,작업자가 작업 중 개인보호구는 착용하였으나 구명줄(생명줄)에 안전고리를 미체결하여 작업 중 앵글에 발이결려 추락,0,"오른쪽, 왼쪽 팔목 골절","부서장 주관 특별안전교육 및 안전점검 실시, 근로자 현장 투입 시 안전장비착용여부 안전담당자 전수 확인",오전 8시 45분경 연결통로1 버팀보 3단 해체 공사 중 피제자 박00는 앵글 및 볼트 해체하기 위해서 버팀보 3단을 이동하던 중 앵글에 걸려 약 3M 아래로 떨어지던 중 우측 팔을 짚어 팔목 골절이 추정 됨,"119도착하여 팔 부목 설치 등 응급조치, 앰뷸란스 탑승 후 W병원 이송후 입원 치료","향후 유사사고 발생하지 않도록 작업자 안전교육 실시, 근로자 작업 투입시 안전장비착용여부 안전담당자 전수 점검"
TA-0062,철도터널,물체에 맞음,토사 및 암반,터널 막장면,장약 및 발파작업,시공오류,사전검토 미흡,사전 설계도서검토 미흡,"막장면 스케일링 2회 실시, 절리면 사이로 용출수 침투로 인한 마찰력 저하 등으로 막장면 이완에 따른 낙석 발생",0,발등 골절로 인한 수술 및 입원 치료,"안전교육 사례전파, 낙석방호시설 설치, 낙석보호용 안전조끼 등 안전장비 착용, 막장면 부석정리 및 지하수 균열 등 페이스맵핑 관련 철저","18시 08분경 본선터널 3공구 터널막장(5k762.35m)에서 발파준비를 위한 장약작업을 하던 중 약
2. 5m 상부에서 떨어진 낙석(60cm)에 안전장화를 신고 있던 작업자의 오른쪽 발등이 타격되어 부상 발생","지정병원 응급실 진료 및 치료, 사고 보고 및 CSI 입력","안전교육 시행, 낙석방호시설 설치, 낙석보호용 안전조끼 등 안전장비 착용, 막장면 부석정리 및 지하수 균열 등 페이스맵핑 관련 철저"
TA-0063,도로터널,넘어짐,가시설,기타 가시설,설치작업,시공오류,시공불량,구조안전 미확보,설치 후 정렬작업중 가설휀스 전도,0,척추압박골절에 따른 치료비 등,"작업전 지반확인, 가설휀스 전도방지용 지지대 설치 등 안전관리대책 수립/시행",2020년 6월 10일 AM 8:00경 공사 종점부(STA.2+200) 기존 옹벽깨기 중 피재자외 3명이 카고크레인을 이용하여 가설휀스(옹벽깨기 잔재물 비산방지용)를 옮겨놓던 중 하부 지반에 요철이 심하여 피재자에게 전도되어 척추압박골절 부상을 당함.,"병원 후송 후 엑스레이, MRI등 검사, 입원","가설휀스 전도방지용 지지대 설치, 작업전 지반상태 확인"
TA-0064,철도터널,넘어짐,건설기계,콘크리트믹서트럭,타설작업,시공오류,안전수칙 미준수,작업자 부주의,믹서트럭에서 내려오던 중 미끄러짐,0,좌측 어깨 회근전개 손상,예방대책을 철저히 준수하여 동일한 사례가 발생하지 않도록 공사현장 안전관리 교육 실시,"2020년 6월 13일(토) 19시경 터널1구간 하부에서 우원개발(주) 믹서트럭 운전원 박00씨가 믹서트럭 운전석에서 내려오던 중 미끄러져 좌측 어깨가 손상된 재해임.(재해자가 재해발생사실을 사고발생 후 하도급사에 보고하지 않고 개인의료보험으로 치료하였으며, 정상근무 중 약 4개월이 지난뒤에 재발하였다며 하도급사에 보고하였음.이에 목격자가 없는 상황이었기에 보험가입자인 원도급사(태영건설)에서 재해사실을 인정할 수 없다는 이의신청을 근로복지공단에 제출하였으나, 근로복지공단(질병판정위원회)의 심사 및 최종 재해승인을 21년 1월 14일에 통보받아 재해발생보고가 지연되었습니다)",개인 치료 후 4개월 뒤 재발되어 병원 치료,근로자 불안전한 행동금지 교육
TA-0065,도로터널,부딪힘,가시설,가설계단,해체작업,시공오류,안전수칙 미준수,작업자 부주의,와이어로 인상 전 찬넬 분리 상태 확인 미흡,0,작업자 1인 얼굴부위 부상으로 병원 치료 중,안전교육 및 TBM시 올바른 작업 방법과 자세에 관한 교육 실시,공기정화시설2 수직구에서 재해자 강OO씨가 탑승대에 탑승하여 크레인 와이어에 찬넬을 고정 후 찬넬 제거 작업 중 분리된 찬넬이 흔들리면서 뒤로 물러나 있던 재해자 오른쪽 얼굴에 부딪힘,사고 직후 인근병원으로 이송,작업 전 작업순서 및 방법에 대한 사전 조율
TA-0066,도로터널,물체에 맞음,건설기계,굴착기,굴착작업,시공오류,사전검토 미흡,사전 설계도서검토 미흡,"터널 천단부 판상절리로 인한 붕락 발생, 작업구간내 지질 및 지층 상태변화구간 조사 미흡",0,"낙반으로 인한 직접적인 외상은 없으며 CT 촬영결과 경추의 염좌 (2주진단),",고용노동부 산업재해조사표 제출 및 산재처리 예정,수동터널 발파(19:45분 경) 후 재해자가 굴삭기로 부석 제거 작업중 막장면에서 6m떨어진 천단부에서 낙반이 떨어져 굴삭기 운전석 상부 전면부가 파손됨,"2020.06.17. 사고직후 지정병원에서 x-ray 촬영(이상없음 소견), 2020.06.18. 재해자 본인 병원 재방문 CT촬영(경추의 염좌소견-입원 불필요 소견, 물리치료 실시)","터널보강(락볼트, 숏크리트) 시공 후 변위확인 및 관리철저, 지층변화 및 절리상태 급변화 구간에 대하여 추가 지질조사, 발파직후 터널내부 상태확인(균열발생 및 진행여부 등)"
TA-0067,지하차도,떨어짐,가시설,작업발판,형틀 및 목공,시공오류,안전수칙 미준수,작업자 통제 미흡,점검통로 난간에 안전대 걸고 이동중 지장물(상수도관)앞에서 난간대 끝부위에 틈새가 있어 안전대 고리가 빠진상태,0,재해자 갈비뼈 금,작업 전 작업구간 안전성 확보 여부 확인 후 작업 실 시 및 작업자 안전사고 방지 교육 등 안전사고 재발 방지,6월 30일 15시 40분경 Parc.1 지하공공보도현장 3블럭 지장물 복구용 기둥설치구간 콘크리트 타설중펌프카 호스가 걸려 인상되지 않아 재해자가 걸린 호스를 해제하러 이동중펌프카 호스가 순간 움직여 재해자 발에 걸려 균형을 잃고 실족함,여의도 성모병원 후송,작업발판의 안전난간대는 틈새가 발생하지 않도록 밀실하게 설치
TA-0068,철도터널,넘어짐,가시설,흙막이가시설,해체작업,시공오류,안전수칙 미준수,작업자 부주의,작업전 X브레이싱이 튈수도 있다는 것을 예상 하지 못한채 작업 실시,0,"물적 피해 없음, 재해자 3일 이상 휴업이 필요한 부상 발생(최초 병원 이송시 검진비 발생)",산업재해 조사표 작성 및 고용노동부 의정부지청 보고 조치 완료,개착박스 6SPAN 가시설 X 브레이싱 체결 볼트를 산소절단 작업중 힘을 받고 있던 브레이싱 앵글이 튀자 놀라서 뒤로 넘어지며 요추골절 발생,재해자 즉각 병원 이송 후 정밀 검진 및 입원 치료,작업 전 위험예측관리 등을 통한 사전 예방 조치 상태 관리자 확인후 작업향후 유사한 작업에 대해 위험성평가에 반영하여 현장 안전관리 실시
TA-0069,철도터널,끼임,건설기계,천공기,해체작업,시공오류,시공계획 미준수,작업순서 미준수,바닥에 떨어진 러그가 지면에서 튕겨 약 3m 거리에서 작업을 보고 있던 재해자 방향으로 향하면서 재해자가 피하고자 하였으나 러그가 재해자의 발등을 타격함,0,피해 없음,"장비운전원 특별 안전교육 실시, 장비 근접작업 안전체계수립 후 사전 작업 계획 학인 및 점검 , 불안전한 행동 등에 대해 안전조치 강화",바닥에 떨어진 러그가 지면에서 튕겨 약 3m 거리에서 작업을 보고 있던 재해자 방향으로 향하면서 재해자가 피하고자 하였으나 러그가 재해자의 발등을 타격함,"작업 중지 후 안전조치 시행, 부상자 인근병원 긴급 호송 및 치료","장비운전원 특별 안전교육 실시, 장비 근접작업 안전체계수립 후 사전 작업 계획 학인 및 점검 , 불안전한 행동 등에 대해 안전조치 강화"
TA-0070,철도터널,깔림,건설자재,레일,설치작업,시공오류,안전수칙 미준수,작업자 부주의,사고위험요인을 고려한 작업이 필요하나 작업자의 주의부족,0,발허리뼈 골절 및 병원치료,안전교육 시행 및 예방운동 강화를 통한 사고예방,"맹방2터널 라이닝 거푸집 이동을 위한 지렛대로 레일을 침목(15cm) 상단으로 레일을 설치 하던 중, 레일이 넘어지면서 근로자 왼쪽 발등 협착 되는 재해 발생",병원진료 및 치료시행,안전교육 시행 및 예방운동 강화
TA-0071,도로터널,떨어짐,가시설,작업발판,이동,시공오류,안전수칙 미준수,작업자 부주의,작업대차 이동을 위해 하부의 근로자가 작업대차 상부의 근로자(재해자)를 인지하지 못하고 작업대차 받침목 제거 작업 시행,0,"재해자 경추 1,2번 골절",안전교육 및 안전점검 실시,2020년 7월 17일(금) 13시 30분경 강구3터널 중앙터널 철근조립 작업대차에서 재해자와 철근반장이 작업대차 이동작업 준비중에 재해자가 작업발판 2단에서 낙하물 위험여부를 확인하고 내려가려고 이동하던중 하부의 철근반장이 작업대차 받침목을 빼는 과정에서 작업대차가 흔들려 재해자가 몸의 균형을 잃고 떨어진 사고,13시30분 : 사고발생 및 OO병원 후송17시30분 : OO OO병원 후송,"1. 근로자 안전교육 실시
2. 현장 안전점검 강화"
TA-0072,기타,부딪힘,가시설,거푸집,타설작업,시공오류,시공계획 미준수,시방기준 등 미준수,라이닝폼 돌출부 보양조치 미흡 및 작업자 작업 동선 파악 미흡,0,근로자 약지 골절,"1. 라이닝폼 내 돌출부 보양 조치 확인
2. 사고사례 전파 교육 여부 확인",1터널 일반부 라이닝 29span 콘크리트 타설 작업중 배관 탈착 등으로 바닥내 떨어진 콘크리트 잔재물 처리를 위해 고무 회수통을 이용하여 정리 작업을 하던중 잔재물 한통을 담아서회수 장소에 붓고 좌측으로 신체 방향을 돌리다 라이닝폼 접합부(H형강)에 좌측 손 약지를 부딪힘,20.07.21 15:00 사고발생'20.07.21 19:30 숙소 귀가(가벼운 타박상으로 인지)'20.07.22 13:30 오전 작업 대기 및 병원진료,"1. 작업장별 안전점검에 관한 사항 관리 감독자 교육
2. 라이닝폼 내 돌출부 보양(보호) 조치
3. 콘크리트 타설 작업중 잔재물 발생 최소화 조치"
TA-0073,도로터널,물체에 맞음,기타,비산물,타설작업,시공오류,안전수칙 미준수,개인 안전보호구 착용 불량,바닥 타설작업 중 눈에 콘크리트 혼합물이 들어가 안구손상 됨,0,콘크리트 혼합물이 비산되어 안구 손상,작업 전 보안경 지급 및 작업 중 보안경 착용상태 수시확인,바닥 타설작업 중 눈에 콘크리트 혼합물이 들어가서 안구손상,타설작업 종료 시(17시)까지 작업실시 (안구손상 관련 얘기없었음). 이 후 별도로 병원에서 진단받고 사무실로 찾아옴,작업 전 보안경 지급 및 작업 중 보안경 착용상태 수시확인
TA-0074,도로터널,찔림,기타,비산물,타설작업,시공오류,안전수칙 미준수,작업자 부주의,터널 내 바닥 타설 작업 중 콘크리트 혼합물이 장화 내로 튀어 발에 독이 올랐다고 주장,0,콘크리트 혼합물이 튀어 발에 독이 올랐다고 함,타설작업 시 휴식시간 중 수시로 안전장화 비산물 제거조치,터널 내 바닥 타설 작업 중 콘크리트 혼합물이 장화 내로 튀어 독이 올랐다고 주장함,타설작업 종료 시(17시)까지 작업실시 (발에 부상 얘기 없었음). 이 후 별도로 병원에서 진단받고 사무실로 찾아옴,휴식시간 중 수시로 장화 내 비산물 제거조치
TA-0075,철도터널,"절단, 베임",가시설,엄지말뚝,조립작업,시공오류,안전수칙 미준수,작업자 부주의,작업 중 보안경 및 보안면 등 적정 개인보호구 미착용 및 불안전한 자세작업,0,물적피해 없음. 피재자 부상(미간부 베임 및 결막 봉합),"방호조치 설비 및 개인보호구 착용 철저 , 작업자의 불안전한 행동 금지",주출입수직구 파일 맞대기 이음용접을 위해 가용접을 해놓은 상태의 파일의 수평을 조정하기 위해 가용접 부위 절단 작업중 파일과 파일 사이 홈에 그라인더 숫돌이 끼는 순간 그라인더가 튕겨 미간 부위에 상해를 입은 재해임,"재해 직후 병원 후송 및 치료 중, 산재 처리 예정","작업 전 해당 공종에 맞는 개인보호구 착용 철저, 작업자의 불안전한 작업 금지"
TA-0076,철도터널,넘어짐,기타,기타,이동,시공오류,안전수칙 미준수,작업자 부주의,505정거장 지하현장에서 백호 장비 정비 후 퇴근을 위해 지상으로 이동 중 발을 헛디뎌 오른쪽 발목을 접질림(발의 입방뼈 골절).,0,치료비 및 휴업 손실비 등,"작업자 특별안전교육 실시(불안전한 행동으로 인한 재해 사례, 안전사고 경각심 제고 등), 작업자 이동통로 확보","재해자가 505정거장에서 작업종료 후 현장을 빠져나가던 중 발을 헛디뎌 발목을 접질린 사고
- 8.14 출근 후 한의원 내방
- 8.15 병원 휴무
- 8.17 출근 후 병원 방문하여 골절 진단
- 8.18 당 사 보고","피해자 골절사항 판정(8월17일 병원), 시공사 CSI에 사고발생 신고(8월18일), 발주청 조사 실시(8월18일)","작업자 특별안전교육 실시(불안전한 행동으로 인한 재해 사례, 안전사고 경각심 제고 등), 작업자 이동통로 확보"
TA-0077,철도터널,부딪힘,건설공구,공구류,절단작업,시공오류,안전수칙 미준수,작업자의 불안전한 행동,"철근절단을 위한 고속절단기 사용전 주변 정리를 통해 미끄러짐 요소를 제거해야 했으나, 그러지 못함.절단기 사용중 바닥의 철근을 밟고 미끄러지며 손등이 절단기와 충돌하게 됨.",0,"찰과상, 인대손상으로 인한 봉합조치",미끄러짐 방지 사고 교육 및 재해자 산업재해 접수 및 처리를 위한 조치 예정,터널 공동구 철근 절단작업을 위해 고속절단기 사용중 바닥에 미끄러지면서 오른쪽 검지손등이 절단기 날에 충돌되는 사고 발생,사고 발생 후 응급실 응급조치 후,철근 절단작업 시 절단기 주변 바닥 정리 철저 교육 실시
TA-0078,도로터널,떨어짐,건설자재,철근,형틀 및 목공,시공오류,안전수칙 미준수,작업자의 불안전한 행동,하부 작업자가 거푸집 내려오는것을 무리하게 잡을려고 하다가 추락 사고 발생(안전벨트 고리 미체결),0,물적 피해는 없으며 부상자 입원 및 진단비 발생,현장 확인 점검 강화 실시,"개착 BOX3(인천방향) 슬라브 상부에서 국회대로 벽체 하부로 거푸집 자재 운반 작업 중 하부 작업자가 거푸집자재가 내려오는 것을 무리하게 잡을려고 하다가 거푸집 떨어지는 무게를 못견디고
1. 2M 높이 말비계에서 전도 추락사고 발생","18시 30분 사고발생, 18시 35분 119신고, 18시 45분 119구조대 도착(이대서울병원 후송), 19시 05분 이대서울병원 응급실 도착 18일 서울시 도기본 안전관리과, 방재시설부, 현대건설 안전팀 현장 사고조사 실시",고소작업은 관리감독자 상주하여 관리 및 벽체 비계설치 완료후 거푸집 작업 실시(국회대로 사업구간은 작업전 협조하여 철근찔림방지조치 여부 확인)
TA-0079,철도터널,물체에 맞음,건설자재,체인블럭,조립작업,설계오류,구조검토 미흡,구조계산 오류,라이님폼 용접 작업을 위해 체인블록을 체결하여 작업을 진행하던 중 체인블록에 하중이 가중되면서 체인블록 고리르르 체결한 찬넬에 변형이 발생하면서 체인블록 고리가 빠져 재해자 안면 타격,0,"안면부 좌측 뼈3조각, 우측 턱관절 뼈  깨짐",산업재해 접수 및 처리 협조 예정,터널 라이닝폼 조립 작업중 라이닝폼 선형 유지를 위한 체인블록 체결 작업을 하다가 체인블록 고리가 빠지면선 재해자 안면을 타격한 사고임,"사고발생 후 119현장 도착하여 병원으로 이송, CT촬영 후 전공의 면담 결과 골절 소견,24일 오전 재해자 외래진료 실시 및 입원수속26일 우측 턱관절 수술예정",체인블록 체결시 적정하중을 감안하여 연결할 수 있도록 안전교육 실시
TA-0080,도로터널,물체에 맞음,부재,배관,해체작업,시공오류,현장계측 미흡,시공관리 미흡,천막시설 절단 작업 중 천막시설재에 설치된 배관에 대한 결속 상태 및 고정여부 미확인,0,"물적패해 없음, 부상자 1명",해체작업 시 안전작업계획 수립 후 작업 실시,"재해자 임00(만00세)가 오폐수 처리장 천막시설 해체중 수직재 절단 작업중 고정되어 있는
2. 3m 높이의 수평파이프(100mm)가 균형을 잃어 재해자 안전모에 부딪힘","10:30 사고발생, 10:33 사고발생보고, 10:50 구급차도착, 11:10 병원도착",수직재 절단 작업 시 근로자 안전한 위치 선정 및 상부지장물 고정조치
TA-0081,도로터널,넘어짐,기타,기타,운반작업,시공오류,안전수칙 미준수,작업자 부주의,작업자 이OO씨가 톤마대에서 전색재(앙꼬)를 꺼내던 중 마대걸이에 발이 걸려 넘어짐,0,작업자 우측 대퇴부 골절(실금)로 근육보호 수술 및 2주간 입원치료,산재처리예정,20년 09월 24일 05시 40분경 오남터널 오남방향 STA.0+870 지점에서 터널공 이OO씨가 톤마대에서 전색재(앙꼬)를 꺼내던중 톤마대 걸이에 발이걸려 뒤로 넘어져 우측 대퇴부 골절,"20.9.24. 05:40분경 사고발생, 07:00 OO토건 관리부장 개인차 이용 병원도착 및 진료, 20.9.25. 13:00 근육보호 수술(2주간 입원치료), 20.10.5 재해자가 시공사 OO건설에 합의금 요구 및 사고보고(OO건설 최초 인지)","터널 내 작업장 주변 조도유지, 작업장 주변 정리정돈 철저, 작업 전 현장확인 철저, 작업장 주변 관리감독자 상주, 근로자 안전교육 및 현장 안전점검 강화"
TA-0082,도로터널,끼임,가시설,가설계단,설치작업,시공오류,안전수칙 미준수,작업자 부주의,연장된 사다리를 접는 작업 중 개인 부주의로 손가락 골절사고 발생,0,손가락 골절사고를 입어 인근 병원으로 이동하여 10/7일 수술진행,사다리 사용기준 교육 및 2인1조 작업 할수 있도록 현장 밀착관리 예정,수직구2(공기정화시설) 내부 굴착을 위한 사다리 접던작업중 손가락에 부상을 입어 진료를 위해 병원으로 이동함,인근 병원으로 이동하여 수술 진행함,사다리 작업시에는 반드시 2인1조로 작업진행 할 수 있도록 교육 실시
TA-0083,도로터널,물체에 맞음,부재,배관,해체작업,시공오류,안전수칙 미준수,작업자 부주의,외국인 연수생과의 의사소통 미흡,0,부상자의 좌측 눈아래 안와골절,외국인 연수생 특별교육 결과 확인신호체계 및 의사소통 교육 결과 확인,2020.10.17 11시 30분경 무안1터널 울산방향 STA.1+420 지점에서 2인 1조로 PE배관(D=90mm) 해체작업 중에 재해자(GS건설(주) 직영소속 터널공 안00)가 준비되지 않은 상태에서 동료 외국인 연수생((케이00(KAY 00000))씨가 배관을 당기는 순간 PE배관이 전선거치대에서 탈락 되면서 탄성에 의해 재해자(안00)의 좌측 안전모와 눈 주변을 타격함.,"2020.10.17. 12시20분 밀양한빛안과 검진 (안구 이상없음, 시공사 공사차장 동행)2020.10.18. 서울대 분당병원 응급실 내원(성형외과, 안과 외래 진료 예약)2020.10.19. 서울대 분당병원 성형외과 진료(안와바닥 골절 진단)2020.10.21. 안와바닥 골절부 수술예정",신호체계 및 의사소통 보완외국인 연수생 특별교육 시행
TA-0084,도로터널,물체에 맞음,가시설,안전시설물,해체작업,시공오류,시공불량,시공품질 미확보,반출하던 H빔이 복공상부에 설치된 난간대를 가격하여 안전난간이 하부로 떨어져 바닥에서 튕기면서 재해자(오00) 오른쪽 팔을 가격함,0,"안전난간대 파손, 부상자 1명",중량물 취급작업 계획 수립 및 안전시설물 설치 상태 확인 관리,양중하여 반출중이던 H빔이 복공상부에 설치된 안전난간을 가격하면서 안전난간이 하부로 떨어져 재해자(오00) 오른팔 가격함,"13:30분 사고 발생, 13:32 사고보고, 13:50 구급차현장도착, 14:12 병원도착",복공상부 안전난간 와이어 혹은 로프등으로 고정조치
TA-0085,도로터널,물체에 맞음,건설자재,파이프서포트,설치작업,시공오류,시공불량,시공품질 미확보,서포트 지지대 고정상태 미확인 후 작업,0,피해자 상해발생(안면 광대뼈 골절),작업전 시설용 지지대 안정성 확보 후 작업수행,환기소 노즐(철판)설치시 받쳐 놓은 서포트가 튕겨서 두부를 맞음,09:30 서울산 보람병원 이송10:30 진단결과(수술여부 확정) 이후 수술후 요양,작업전 해당 지지대 확인 후 작업수행
TA-0086,지하차도,넘어짐,가시설,흙막이가시설,해체작업,시공오류,안전수칙 미준수,작업자 부주의,2단 벽체 띠장에 안전고리 체결 후 이동 중 주변에 겹이음을 위해 빼 놓은 철근에 안전대가 걸려 작업자 신체 전도,0,띠장에 안전고리 체결 후 이동 중 주변에 겹이음을 위해 빼 놓은 철근에 안전대가 걸려 신체가 전도됨에 따라 몸을 지탱하기 위해 띠장을 잡는 과정에서 우측 엄지손가락 인대 손상,근로자 교육 철저 및 사고발생구간(구조물과 흙막이 벽 사이) 철근 걸림 방지 조치,이동 중 중심을 잃고 손으로 구조물 잡다 오른손 엄지 인대 경미한 손상,사고발생 11:05 / 근로자 자율의지로 작업 참여했으나 지속적 통증 발생 /병원이송 11:20 / 발주청 조사 15:00,사고발생구간(구조물과 흙막이 벽 사이) 철근 걸림 방지 조치
TA-0087,도로터널,물체에 맞음,건설자재,체인블럭,조립작업,시공오류,안전수칙 미준수,작업자 부주의,작업자가 체인블럭을 무리하게 사용하여 러그가 파손되어 발등에 낙하,0,피해자 상해발생(발등골절),작업전 지지대 안전성 확보 후 수행,환기소 노즐을 설치하기 위해 체인블록을 작동하던 중 러그가 떨어져 작업자 발등에 낙하,14:00 서울산 보람병원 이송14:30 진단결과(발등 골절)15:00 치료 후 통원치료 및 요양,작업전 지지대 안전성 확보
TA-0088,철도터널,끼임,건설기계,굴착기,설치작업,시공오류,기계장비관리 미흡,부적정 기계장비 사용 통제 미흡,굴삭기 후진 중 근로자 좌측 다리 협착,0,좌측 발등 골절,안전사고 예방방지 대책을 철저히 준수하여 동일한 사례가 발생하지 않도록 안전교육 실시,2020년 11월 13일(금요일) 16:30경 BN3정거장 지상연결통로 작업장에서 우원개발(주) 직영반장 정OO씨가 연수생2명과 함께 락볼트 설치 작업 도중 상부에 자재를 준비하러 올라가는 중 후진하는 굴삭기 궤도에 좌측 다리가 협착된 재해임.,지정 병원(한양대 구리병원) 이송 후 검사 조치,장비반경 내 근로자 통제 철저
TA-0089,기타,"절단, 베임",건설기계,특수건설기계,굴착작업,시공오류,안전수칙 미준수,작업자 부주의,작업자의 아차실수,0,작업자 왼손 검지와 중지의 끝마디 일부가 절단 된 사고,자체 처리 예정,터널 내 막장에서 수직구로 밧데리카 운행 중 안전바가 내려가 다시 채우려고 안전바를 잡는 순간 손가락이 안전바와 밧데리카 본체 사이에 협착되어 왼손 검지와 중지의 끝마디 일부가 절단 된 사고,병원후송후 치료중,"밧데리카 난간설치등 안전시설물 보강 및 도면화, 작업자에 대한 추가 안전교육, 안전관리메뉴얼 추가 제정"
TA-0090,철도터널,끼임,건설기계,천공기,해체작업,시공오류,안전수칙 미준수,작업자 부주의,"재해자가 리더 지지용 와이어로프의 끝부분(활차 연결부)을 잡고 있던 중 장비운전원이 재해자의 작업 상황을 보고 본인이 리더를 내리면 작업이 용이할 것으로 판단하여 재해자에게 주지시키지 않고 임의로 리더를 하향, 리더 지지용 와이어로프가 회전하면서 재해자의 손가락이 와이어로프와 활차가 회전하는 부분에 끼어 우측 네번째 손가락에 상해를 입음",0,피해 없음,"장비 작업시 신호체계 수립, 장비운전원 및 근로자 안전교육실시, 장비 근접작업 대한 사전 작업계획 확인 및 수립, 불안전한 행동에 대한 안전조치 강화 등","재해자가 리더 지지용 와이어로프의 끝부분(활차 연결부)을 잡고 있던 중 장비운전원이 재해자의 작업 상황을 보고 본인이 리더를 내리면 작업이 용이할 것으로 판단하여 재해자에게 주지시키지 않고 임의로 리더를 하향, 리더 지지용 와이어로프가 회전하면서 재해자의 손가락이 와이어로프와 활차가 회전하는 부분에 끼어 우측 네번째 손가락에 상해를 입음","부상자 응급조치 후 인근 병원으로 긴급 호송하여 치료 조치, 작업 중지 후 작업장을 보존 조치하여 안전점검 시행 등","장비 작업시 신호체계 수립, 장비운전원 및 근로자 안전교육실시, 장비 근접작업 대한 사전 작업계획 확인 및 수립, 불안전한 행동에 대한 안전조치 강화 등"
TA-0091,기타,떨어짐,기타,기타,정리작업,시공오류,안전수칙 미준수,작업자의 불안전한 행동,근로자의 불안전한 행동,0,피해 없음,"근로자 산재처리예정, 현장정리 및 불안전한 행동에 대한 작업자 안전교육 철저","현장 자재 정리를 위해 슬러지 보관함으로 이동중 불안전한 상태로 보여 작업지휘자가 제지, 내려오는 과정에 중심을 잃고 뒤로 넘어짐","- 근로자 인근병원 x-ray 촬영 타박상 진단, 별도의 입원 및 치료 불필요 외과적 치료없이 약물처방
- 허리통증 호소 주거지 인근병원 치료 MRI 촬영
- 3일 이상 휴업이 필요한 부상 진단
- 산재처리 예정",현장 자재정리 실시 및 작업자 안전교육 철저 (불안전한 행동 금지)
TA-0092,도로터널,부딪힘,건설기계,덤프트럭,운반작업,시공오류,안전수칙 미준수,작업자 부주의,하역 작업시 단부측에서 충분한 이격거리 미확보,0,3일 이상의 휴업 말생,주기적으로 운반 작업 운전원 특별안전교육 실시상태 확인현장 안전관리상태 확인,버력 하역 작업중 경사면으로 미끄러지면서 운전석에서 허리 부위에 충격을 받아 허리에 요통 발생함,하역 작업시 단부측에서 충분한 이격거리 확보 및 준수,운전원 불안전한 행동 금지 특별교육 실시전담 유도원 배치단부측 충분한 토사 다이크 설치
TA-0093,철도터널,떨어짐,가시설,특수거푸집(갱폼 등),조립작업,시공오류,안전수칙 미준수,작업자 부주의,안전대를 착용 및 체결하고 작업 하였으나 높이가 높지 않아 바닥으로 추락한 사고로 작업자의 부주의에 의한 추락 사고,0,당 현장에서 발생한 사고에 따른 피해 사항 없음(사고 당시 병원 검진 시 이상 증세 발견되지 않음),"재해자가 사고 후 정상근무를 시행하고, 타 현장(11.27~12.02, 6일간)에서 근무한 사실 등을 반영하여 피해사실에 대한 인과관계 추가 조사 및 향후 근로복지공단 조사결과에 따라 조치 예정",본선터널2 종점부에 안전대를 체결하고 1단 발판에서 라이닝 폼 수정 작업 중 몸의 중심을 잃고 추락,11.19 사고 발생 후 14시경 구로 고대병원 내원하여 X-ray 및 CT촬영 시 별다른 이상 증세가 없어 11.20 하루 휴식을 취하고 해당 작업 종료일인 11.26까지 당 현장에서 정상 근무함,고소작업에 대한 관리감독 강화 및 작업자의 부주의에 의한 사고 발생 예방을 위한 안전교육 강화
TA-0094,철도터널,물체에 맞음,토사 및 암반,터널 막장면,설치작업,시공오류,안전수칙 미준수,작업자 부주의,"터널 막장면은 항상 낙반이 우려되는 곳으로 막장면에서 떨어져 지보설치 작업을 준비해야 하나, 막장면 근접하여 지보설치 작업을 준비하므로써 사고발생",0,"오른 손목, 왼쪽 발목, 허리 요추부 골절","지보설설치시 막장면에서 이격하여 작업실시, 막장면에 방호시설 설치, 현장근로자 특별교육실시, 현장안전관리 조직 강화 및 재정비",터널 내 지보설치 중 낙반사고 발생,119구급대로 인근병원 후송,"지보설설치시 막장면에서 이격하여 작업실시, 막장면에 방호시설 설치, 현장근로자 특별교육실시, 현장안전관리 조직 강화 및 재정비"
TA-0095,기타,부딪힘,건설자재,자재,준비작업,시공오류,안전수칙 미준수,작업자 부주의,작업자와 작업차량의 신호 불일치,0,전치 6주 요양(안전가료),일일 작업계획에서 누락된 작업 사항에 관하여 별도 계획서 작성하여 밴드에 등재 하고 승인을 득한 후 작업 실시 (미 승인 작업 절대 금지),신호장 B/P장 옆 마을진입로에서 급수라인(2인치 PE관)을 설치 중 작업차량과의 신호 불일치로 PE관을 싣고 있던 작업차량이 멈추지 않고 출발하여 PE관 끝단부에 묶여있던 로프가 풀리면서 PE관 끝단부가 작업자 허리를 타격,병원 후송 및 진료사고조사 및 재발방지 교육,"안전교육 철저(작업 전 작업 방법 및 순서, 신호방법 확립)"
TA-0096,도로터널,떨어짐,건설기계,로더,반출작업,시공오류,안전수칙 미준수,작업자 부주의,"작업자 신OO철씨가 페이로더로 터널 버럭처리 작업 중 전면부 유리에 성애가 끼어 성애를 닦던 중 개인 부주의로 발이 미끄러지며
1. 5m 장비에서 넘어지며 떨어짐",0,작업자 좌측 어깨 쇄골뼈 및 갈비뼈 골절로 수술 필요 소견,"산재처리예정, 현장근로자 안전교육 및 관리감독 강화",2020년 12월 19일 08시 30분경 페이로더 운전원 신OO철씨가 터널 버럭처리 작업중 전면부유리에 성애가 끼어 장비조작을 중단하고 측면 계단쪽에서 유리를 닦던중 개인 부주의로 인해 미끄러져 바닥으로 떨어지며 어깨쇄골부위가 골절됨,"08:30 안전사고 발생, 09:30 재해자 세면 및 환복 후 현장차량 이용 병원 이송, 10:00 병원도착 진료 및 입원, 기타 터널근로자 및 장비운전원 특별교육 및 사고경위 확인 등",터널 근로자 및 장비운전원 안전교육 실시
TA-0097,도로터널,부딪힘,기타,차량,청소작업,시공오류,안전수칙 미준수,작업자 부주의,작업자의 부주의한 행동으로 사고발생,0,엄지손가락 골절 및 인대손상,"작업자 입원치료 및 산재보험 처리, 재해 발생 방지조치계획 자체 수립 및 시행","가막2터널 굴착작업내 숏크리트 타설을 하던 믹서트럭 운전원 김00(남,55세)가 믹서슈트를 청소하기 위해 망치로 슈트를 가격하던 중 망치가 손에서 빠져 엄지손가락이 슈트철물에 부딪혀 병원에서 진료한 결과 인대손상 및 엄지손가락 골절로 수술이 필요하다는 진단을 받은 사항.",즉시 터널작업 중단(1일) 및 현장 안전교육 실시,"작업차량 정비 등 기타작업시 관리자 확인 및 입회, 작업전 안전성 확보 확인"
TA-0098,도로터널,물체에 맞음,부재,철골부재,상차 및 하역작업,시공오류,안전수칙 미준수,작업자 부주의,2020.12.22 13:00경 작천1터널 시점 강진방향에서 굴삭기로 터널막장 설치 위치로 강지보재를 운반하여 하역작업 중 재해자(김00)가 줄걸이 해체 과정에서 굴삭기 운전원이 신호수의 신호없이 굴삭기를 작동하여 강지보재가 넘어지면서 재해자의 왼쪽 팔을 타격,0,왼쪽 팔(팔목과 팔꿈치 사이) 골절,안전관리자 특별교육 실시,작천1터널 시점 강진방향 굴착 작업 중 굴삭기로 터널 막장 설치 위치로 강재지보를 운반하여 하역 후 재해자가 줄걸이 해체 과정에서 굴삭기 운전원이 신호수의 신호없이 굴삭기를 작동하여 강재지보가 넘어지면서 재해자의 왼쪽 팔을 타격하는 사고가 발생함.,사고발생 13:00강진의료원 내원 및 X-ray 촬영 14:00응급조치 후 동군산의료원 이동 14:40동군산의료원 도착 및 진료 16:10(명일 수술예정),장비운전원과 신호수간의 신호체계 확립장비운전원이 직접 작업자를 시야에서 확인 후 작업실시토록 교육 실시
TA-0099,지하차도,떨어짐,가시설,띠장,해체작업,시공오류,안전수칙 미준수,작업자 부주의,흙막이 띠장 철거 중 띠장과 함께 작업자 추락,0,작업자 왼쪽무릅부위 골절 및 목 골절,"조사완료, 안전관리 강화 요청",굴삭기(06w)가 지지하고 띠장 산소 절단 작업도중 띠장빔(4m)과 함께 용접공 1명이 2m 하부로 추락하여 띠장빔에 작업자의 왼쪽 다리가 눌림,"사고즉시 119신고, 경찰 및 고용노동부 현장조사 완료",띠장빔 철거 완료 상태로 추가 재발요인 없음(추가 공정에 대한 안전관리 강화 요구)
TA-0100,철도터널,떨어짐,부재,철골부재,설치작업,시공오류,안전수칙 미준수,작업자의 불안전한 행동,가설치된 작업발판 고정불량,0,"물적피해 없음.  인적피해(피재자 부상/후두부 찢어짐, 늑골 미세골절",방호조치 및 개인보호구 착용 철저,2021년 1월 13일(수) 10:30분경 GTX-A 2공구현장 환기구6 카리프트 설치 작업중 카리프트 설치공 피재자가 메인 와이어 리빙 작업을 진행하기전 안전시설물 선행 설치의 과정인 생명줄 설치 작업중 작업발판 고정 상태 미흡으로 2m 아래로 떨어짐(협력업체 인지 시각 15:30),"병원이송 및 치료중, 산재처리 예정","작업전 개인보호구 및 작업장 주변 안전상태 점검, 조치 후 작업 개시"
TA-0101,도로터널,끼임,건설자재,자재,설비작업,시공오류,현장계측 미흡,시공관리 미흡,300mm배관이 롤러에 정확하게 안착하지 않은 상태에서 작업 중 배관파이프가 이탈하면서 왼쪽 엄지 손가락 끝부분이 끼임,0,물적피해 없음,작업 전 작업절차서 수립 및 준수 여부 확인,소화배관 연결 작업 중 배관이 이탈하면서 왼쪽엄지 손가락 끝부분이 끼임,09:00 병원 이동,배관 작업 전 롤러 받침 상태 확인
TA-0102,도로터널,끼임,가시설,흙막이가시설,설치작업,시공오류,안전수칙 미준수,작업자 부주의,가시설 작업을 위한 시트파일 근입작업시 부적절한 작업위치 선정으로 인한 사고,0,"2/23일 인근병원으로 이송 및 입원, 오른손 검지 봉합수술 후 입원치료 중","재발방지조치 및 안전교육 실시, 전문기관 합동 점검 실시",시트파일 근입작업중 시트파일 겹침부사이에 오른손 검지 손가락이 끼이는 사고 발생,인근 병원으로 이동하여 봉합수술 진행함,근입작업시 안정된 위치 선정을 위한 교육을 실시하고 전문기관 합동 점검을 실시함
TA-0103,기타,끼임,건설공구,공구류,절단작업,시공오류,안전환경 미제공,불량자재 관리 미흡,소철근 (20cm) 을 반으로(10cm) 절단하던 중 철근과 절단기에 사이 협착,0,물리적 피해 없음,현장내 철근 가공 금지,소철근 절단중 절단기에 좌손 1지가 협착됨,12:50분 병원 이동,소철근(L=20cm) 절단금지
TA-0104,철도터널,넘어짐,건설자재,자재,운반작업,시공오류,현장계측 미흡,시공관리 미흡,자재 운반 경로에 지장물(보행자 통로용 라바콘)정리 미흡으로 작업자가 걸려서 넘어짐,0,진접선 1공구 터널공사구간에 2인1조로 락볼트 자재를 운반 중 라바콘에 걸려 넘어지면서 락볼트가 작업자 정강이에 떨어지면서 골절이 발생하였음,"작업전 주변 안전시설물 정리 정돈 시행하고, 감독자 확인 후 작업 시행토록 현장관리 시행(사고사례 현장내 전파 교육 시행)",락볼트를 차징카 적재함에 2인1조로 운반하던 중 라바콘에 걸려 넘어지면서 락볼트가 작업자 정강이에 떨어지면서 골절이 발생하였음,04:40 : 119연락05:10 : 119현장도착 및 이송05:40 : 남양주 현대병원 응급실 도착 및 치료,"작업전 주변 안전시설물 정리 정돈 시행하고, 감독자 확인 후 작업 시행(사고사례 현장내 전파 교육 시행)"
TA-0105,철도터널,부딪힘,건설자재,자재,준비작업,시공오류,안전수칙 미준수,작업자 부주의,침사지박스의 돌출된 부분을 밟고 올라서다가 발이 미끄러지면서 사고발생,0,물적피해 없음,1. 재발방지대책 이행여부 확인,"폐수처리시설의 침사지 철제박스를 이동 후 상부의 샤클을 제거하는 과정에서, 근로자(성OO)가 뒤에 있던 다른 침사지박스의 돌출된 부분을 밟고 올라서다가 발이 미끄러지면서 좌측허리 부분을 침사지 모서리에 부딪치면서 통증을 호소함","1. 작업중지
2. 산업재해 처리예정",철재 침사조 인양고리 해체 시 이동식 승강계단 견고히 설치하여 작업실시
TA-0106,철도터널,물체에 맞음,토사 및 암반,터널 막장면,확인 및 점검작업,설계오류,사전조사 미흡,지반조사 미흡,부석정리 후 편리에 의해 이완된 블록 발생,0,재해자 발등 단순 골절,암반 여건을 감안한 막장면 철저한 부석정리 및 자체안전점검 실시,터널 막장면에서 부석이 떨어져 재해자 발등을 타격함(낙하비래),사고발생 18:40 병원출발 19:10 병원도착 19:40,암반 여건을 감안한 막장면 철저한 부석정리 및 근로자 안전교육 실시
TA-0107,철도터널,물체에 맞음,토사 및 암반,터널 막장면,설치작업,시공오류,시공불량,시공품질 미확보,작업 전 부석제거은 완료했으나 작업 진동으로 인해 추가적인 부석이 발생 및 비래로 추정됨,0,부석의 낙하로 인해 피재자의 왼쪽 비골 골절 및 대퇴부 타박상,작업 전 부석 여부 재확인 및 작업자 안전교육 시행.,Rock bolt 주입 작업 중 막장면 좌측벽 부위(지상2m지점) 부석(지름 약 30cm)에 의해 화약주임(한00)의 좌족 발등을 타격한 사고,"응급조치 후 병원 후송 및 검사, 치료 중",작업 전 부석 유무 재확인
TA-0108,도로터널,떨어짐,건설기계,고소작업차(고소작업대 등),설치작업,시공오류,안전수칙 미준수,작업자의 불안전한 행동,재해자가 개인안전보호구를 지급받고 고소 작업차의 안전방호조치가 제대로 조치되어있음에도 불구하고 고소작업차 작업대 문을 열고 안전걸이를 미체결하는 등 무리하게 작업을 시도,0,피해 없음,"-근로자, 관리자 특별안전교육 실시-고소작업시 안전난간 유무와 관계없이 안전대 체결 의무-취약시간 특별 안전관리조 운영(원도급사 직원 별도 편성·운영, 2개조 2인/1조)","재해자가 동료4명과 함께 3월 24일 12시경 완산터널 경사갱 새만금 시점방향 횡갱에서 횡갱을 횡단하는 전선거치대 앵커를 설치하던중 작업대 문을 열어놓고 안전걸이를 미체결하여 고소작업차(차징카) 작업대에서
2. 5M아래로 추락함.","12:50 현장차량으로 환자 이송(태봉보건진료소) 13:00 119구급대 도착 및 환자 이송(전주병원)13:20 X-ray, CT촬영, MRI 등 검사 및 치료","-근로자, 관리자 특별안전교육 실시-고소작업시 안전난간 유무와 관계없이 안전대 체결 의무-취약시간 특별 안전관리조 운영(원도급사 직원 별도 편성·운영, 2개조 2인/1조)"
TA-0109,철도터널,끼임,가시설,복공판,조립작업,시공오류,안전수칙 미준수,작업자 부주의,작업자 돌발적 행동으로 복공판 낙하에 의한 협착 사고,0,우측 팔뚝 협착,복공판 취급 방법 및 작업순서에 대한 교육실시 해당작업 유경험자 배치 및 관리감독자 확인을 통한 불안전한 행동 통제,2021년 03월 30일(화) 11:18분경 본선 OO대로 3구간 4K870지점 자재하역 작업구에서 협력업체 소속근로자 재해자(국적 : OO)외 1명이 카고크레인을 이용하여 복공판개구부를 덮는 작업 중 복공판의 하부에 잔재물 여부를 확인하려고 돌발적으로 오른손을 틈새에 넣는 순간 복공판이 불시에 낙하하여 재해자의 오른쪽 팔뚝이 협착된 사고임.,부상자 병원 이송,"1. 복공판 취급 방법 및 작업순서에 대한 교육실시
2. 해당작업 유경험자 배치 및 관리감독자 확인을 통한 불안전한 행동 통제"
TA-0110,도로터널,떨어짐,건설기계,고소작업차(고소작업대 등),타설작업,시공오류,기계장비관리 미흡,작업전 점검 미흡,"아웃트리거 내부 실린더 씰 마모, 실린더 유압유 누유",0,골반 골절,"장비 정기적인 안전점검 및 일일점검 강화, 아웃트리거 작동 및 누유 상태 점검, 근로자 특별안전교육",터널공사 락볼트 설치작업 중 고소작업차(차징카) 아웃트리거 유압장치 고장으로 전도되어 버킷 내에서 작업중이던 근로자 부상,"사고발생 : 3.31, 00:30, 병원 이송 및 입원 : 3.31, 01:30","장비 정기적인 안전점검 및 일일점검 강화, 아웃트리거 작동 및 누유 상태 점검, 근로자 특별안전교육"
TA-0111,도로터널,물체에 맞음,건설공구,공구류,연결작업,시공오류,안전수칙 미준수,작업자 부주의,작업자의 부주의,0,재해자 산재처리,향후 동종 작업 전 근로자 안전교육 및 작업에 필요한 안전보호구 지급 후 작업,만덕3터널 덕천방향 STA.2+628.0~2+637.0 구간에서 재해자가 배관 정비 작업 후 연결을 위해 망치를 사용하여 밴드 체결 작업 중 왼손 엄지손가락을 타격한 사고임.,작업자들 안전교육 실시 및 사고발생 유형 작업시 안전대책 전파,작업자 신규투입 및 공종 변경 작업 시 안전교육 실시 및 해당 작업시 사용될 적정보호구 지급
TA-0112,지하차도,부딪힘,건설기계,특수건설기계,이동,시공오류,안전수칙 미준수,작업자 부주의,PC콘크리트 슬래브 운반 트레일러와 집수정 흙막이 가시설 H빔에 의한 협착사고,1,운반차량에 의한 인명사고(사망),사고 당일(4/2)부터 작업 중지 후 4/5~4/6 2일간 자체 안전점검 실시하고 공사재개 예정,"2021년 4월 2일 13:44분에 광주효천2 지하차도 개설공사와 관련하여 행암교차로에 위치한 집수정의 상부거더(PC콘크리트 2mx11m)를 양주 소재의 kc산업 공장에서 운송해온 트레일러 차량이 기존 국도1호선 행암교차로 광주방향에서 효천2지구 방향으로 좌회전 하던 중 거더 거치 신호수를 발견하지 못하고 차량의 트레일러 바퀴와 집수정 흙막이 가시설 H빔에 의하여 협착사고가 발생하여 1인 사망하였으며, 광주지방검찰청 변사사건 발생 통보에 대한 의견서에는 교통사고로 명시함",응급차 및 경찰차가 13:56분경 도착하였고 사망상태 확인 후 14시50분경 사망자를 기독병원으로 운구하여 15시20분경 병원도착,"해당 공종를 작업중지하고, 사고원인 분석 및 안전시설물 설치 적정성 등 안전점검 실시"
TA-0113,도로터널,넘어짐,기타,기타,마감작업,시공오류,안전수칙 미준수,작업자 부주의,작업자가 위험요인을 인지하지 못하고 작업중 미끄러짐,0,재해자 손목 및 안와 골절에 따른 치료비 등,작업전 안전교육실시. 자재 2단 적재 금지,"시멘트 정리정돈(천막덮기) 중
1. 0~1.5m 시멘트 위에서 천막 덮고 로프를 묶는 과정에서 미끄러져 넘어짐",병원후송 후 엑스레이등 검진후 귀가,"작업전 안전교육실시, 자재2단 적재금지"
TA-0114,도로터널,넘어짐,가시설,엄지말뚝,설치작업,시공오류,안전수칙 미준수,작업자 부주의,H-빔 상부 물기제거 미흡,0,4/8일 현장 인근병원에서 X-Ray 촬영후 손목골절 진단 받음,"재발방지조치 및 안전교육 실시, 작업전 현장 점검 실시",H-빔 볼팅작업중 젖어있는 H-빔에 의해 미끄러져 넘어지며 왼쪽 손목을 짚는사고 발생,개인자택 인근 병원으로 이동하여 수술 진행함,H-빔에서 작업하는경우에는 물기제거 실시 및 작업자 통행로 확보
TA-0115,철도터널,떨어짐,건설기계,덤프트럭,반출작업,시공오류,안전수칙 미준수,작업자의 불안전한 행동,덤프트럭 운전원의 불안전한 행동으로 미끄러저 떨어짐,0,오른쪽 무릎 아래 골절,"- 적재함을 확인 할 수 있는 반사경 설치
- 운전원 운전석 이탈 금지 교육 및 안전교육 리플릿 배포",덤프트럭 운전원이 버력상차 후 적재상태를 확인하고 운전석으로 이동중 중심을 잃고 전도.,"- 지정병원으로 후송하여 응급 조치 실시
- MRI 촬영 예정","- 적재함을 확인 할 수 있는 반사경 설치
- 운전원 운전석 이탈 금지 교육 및 안전교육 리플릿 배포"
TA-0116,철도터널,떨어짐,건설공구,사다리,연결작업,시공오류,시공계획 미준수,작업순서 미준수,작업발판을 설치후 작업하여야 하나 사다리를 이용하여 작업 중 발생,0,작업자 가슴뼈 골절 등,"안전한 작업방법 수립, 작업발판 설치, 작업지휘자 배치(사다리 사용금지)",물통위에 호수를 연결하기 위해 2인1조로 사다리 작업중 미끄러져 전도됨,"안전수칙 준수하도록 특별교육 실시, 작업발판 설치","작업발판 설치, 안전한 작업방법 수립 및 교육, 작업지휘자 지정"
TA-0117,도로터널,물체에 맞음,건설기계,콘크리트펌프,정리작업,시공오류,안전수칙 미준수,작업자 부주의,숏크리트 타설완료후 배관청소위해 배관 점검중 잔여 골재가 남아 있는것을 미쳐 인지하지 못하고 분출구 하부에서 작업중배용물을 얼굴에 맞음,0,이마부 타격에 의한 좌상으로 2주~3주 병원치료 요함,재발사고 방지를 위한 시공사 및 협력사 특별안전교육 실시,모현터널 종점부 입구에서 숏크리트 타설완료후 장비점검 및 배관청소중에 숏트머신(펌프카) 배관내 내용물이 분출하여 얼굴 이마부를 타격한 사고발생함,17:50 사고발생 18:10 구급차로 병원이송 18:30 사고조사,숏크리트 배관 청소작업시 관리감독자 상주및 잔여 골재여부 확인 철저
TA-0118,도로터널,넘어짐,기타,기타,이동,시공오류,안전수칙 미준수,작업자 부주의,근로자가 차지바닥 높이와 바닥면 상태을 인지하지 못한 근로자 부주의로 인한 단순과실,0,재해자의 치료비 및 요양급여,재해사례 전파 및 현장 교육실시해당작업완료후 출입통제 조치,2021년 04월 27일 07시10분경 앵무터널 남평입구 공동구 상단(50cm)에서 재해자가 내려오다가 바닥 착지시 불안정에 의한 우측발목 접질리면서 골절사고,재해 발생직후 병원 방문 진료후 현장상주 정상근무. 재해자의 산업재해보상요청에 따른 재해건 인지후 조사,재해사례 전파 및 현장 교육실시
TA-0119,도로터널,물체에 맞음,토사 및 암반,터널 막장면,장약 및 발파작업,시공오류,시공불량,시공품질 미확보,미 제거된 부석 낙하,1,막장면 낙석으로 인한 골절과 내부출혈,경찰서 및 고용노동부 조사재발방지대책 수립·시행,4월29일 8시 13분경 상관터널 시점부(새만금방향)에서 막장면에서 낙석이 발생하여 근처에서 장약 작업 중이던 근로자의 하반신에 맞음,"08:13 낙석사고 발생08:15~45 119 연락, 구조 후 전북대 병원으로 이동 및 응급조치12:30~14:51 응급수술 시작 및 완료(골반 고정 등 응급조치)16:41 사망판정","부석제거 철저 시행(버럭처리 후, 천공 후)타 터널 공구 사고내용 전파 교육지속적인 안전교육을 통한 안전의식 함양"
TA-0120,철도터널,떨어짐,건설기계,기중기(이동식크레인 등),준비작업,시공오류,시공계획 미준수,시방기준 등 미준수,20OO년 OO월 OO일(*) 07시30분경 본선환기구S4에서 이동식크레인의 아웃트리거 4개중 차량앞좌측 1개를 적정위치에 펼치치 않고 적게 펼친 상태(카고기사 인지 못함)에서 자재 인양을 위해 붐대를 이동하던 도중 크레인의 전도로 인해 이동식크레인 기사가 뛰어내리다가 왼쪽발목 접질림.,0,"크레인 기사 한쪽 발목 골절, 주변 컨테이너 1개 파손",장비 작업전 아웃트리거 펼침과 전용깔판 설치상태 관리감독자가 확인 철저작업전 지반상태 및 장비전도방지에 대한 안전교육 강화,20OO년 OO월 OO일(*) 07시30분경 본선환기구S4에서 이동식크레인의 아웃트리거 4개중 차량앞좌측 1개를 적정위치에 펼치치 않고 적게 펼친 상태(카고기사 인지 못함)에서 자재 인양을 위해 붐대를 이동하던 도중 크레인의 전도로 인해 이동식크레인 기사가 뛰어내리다가 왼쪽발목 접질림.,현장조사 및 교육,장비 작업전 아웃트리거 펼침과 전용깔판 설치상태 관리감독자가 확인 철저작업전 지반상태 및 장비전도방지에 대한 안전교육 강화
TA-0121,철도터널,넘어짐,가시설,가설계단,이동,시공오류,안전수칙 미준수,작업자 부주의,통합대합실 작업구2 출입구에서 단독으로 이동 중 가설 계단의 두 번째 발판(높이 : 30cm)에서 뛰어내리며 사고 발생,0,피해 없음,"현장에 가설계단 발판에 논슬립테이프를 부착을 하고 계단 입구에 경고표지 부착 실시, 아침 조회 및 TBM시 돌발행동 주의 및 현장에 대한 긴장감 부여를 하겠습니다.",지하로 이동하기위해 슬라브 상부 계단으로 혼자 내려가는 중 마지막 답단전에서 뛰어내려 그 충격으로 우측 발뒤꿈치를 다치는 사고,가설계단 발판에 논슬립테이프를 부착을 하고 계단 입구에 경고표지 부착 실시,"현장에 가설계단 발판에 논슬립테이프를 부착을 하고 계단 입구에 경고표지 부착 실시, 아침 조회 및 TBM시 돌발행동 주의 및 현장에 대한 긴장감 부여"
TA-0122,도로터널,물체에 맞음,기타,기타,연결작업,시공오류,안전수칙 미준수,작업자 부주의,갑작스런 고압호스 요동으로 근로자 오른쪽다리 선단부 맞음,0,부상자1명,근로자 특별안전교육실시,"숏크리트 타설 준비작업 중, 근로자가 고압호스의 잔존 물방출 과정에서 갑작스런 고압호스 요동으로 선단부에 오른쪽 다리 맞음","1. 사고발생 직후 부상자 병원 이송(OO병원)
2. 응급조치 후 고정수술이 가능한 병원(OO병원)으로 이송
3. 익일 수술완료",1. 근로자 특별안전교육 실시
TA-0123,도로터널,깔림,가시설,기타 가시설,해체작업,시공오류,현장계측 미흡,시공관리 미흡,"1. 넘어질 위험이 있는 중량물을 인양장비에 연결하지 않음
2. 작업현장 내 유도자 및 작업지휘자 부재
3. 적합한 인양장비 대신 굴착기, 덤프트럭을 하역작업에 투입",0,하반신 마비,"1. 시공사(원하도급) 및 건설기술자 제재
2. 작업관리자 배치 현장상주 여부 확인
3. 안전순찰반 구성 및 일일 안전순찰 실시",20OO년OO월OO 07시 20분경 OO터널 종점 터널 안내간판 철거 작업시 전도방지을 위한 조치(B/H 줄걸이 고정) 없이 지주의 볼트를 해체하는 과정에서 표지판 중앙 부위의 마지막 볼트를 해체하는 순간 터널 안내간판이 넘어지며 재해자의 허리부위를 가격하여 발생한 재해임,사고발생 07:20119도착 08:00병원 후송(OO) 08:30,"1. 작업 전, 안전관리계획 수립 철저
2. 중량물을 취급하는 작업 시, 넘어짐 방지조치 철저
3. 인양하역 작업 시, 이동식크레인 등 적합한 장비사용
4. 차량계 하역운반기계 사용 시, 필수 배치인원 현장 상주"
TA-0124,도로터널,물체에 맞음,기타,기타,준비작업,시공오류,시공불량,시공품질 미확보,에어배관의 연결부 파손,0,갈비뼈 미세 골절,"밸브 연결부 개선 및 교체 지시, 작업절차 준수 지시, 근로자 특별 안전교육","OO터널 종점부(세종방향) 하단 숏크리트 타설 준비 작업 중, 부상자가 에어배관의 밸브를 여는 순간, 2m 전방 연결용밸브 커플링 부위가 파손되면서 호스 선단부가 부상자의 우측 가슴 부위를 타격하여 갈비뼈 실금발생","사고발생 : 7.5. 23:00, 병원 이송 및 입원 : 7.5. 23:25","밸브 연결부 개선 및 교체, 작업절차 준수, 근로자 특별 안전교육"
TA-0125,철도터널,끼임,가시설,기타 가시설,용접작업,시공오류,안전수칙 미준수,작업자 부주의,탄산가스(40kg) 용기 운반시 손가락 끼임 등 주의를 하여야 하나 개인 부주의로 인하여 사고 발생,0,좌측 3번째 손가락 끝마디 골절,"경고표지판 설치, 근로자 작업전 주의교육 실시",쉬트파일 용접공이 탄산가스용기를 위험물창고에 넣다가 용기 사이에 손가락 끝마디가 협착되어 통원치료 3주의 부상을 입음,끼임 주의 등 특별교육 실시,"위험물창고에 '고압용기로 인한 협착 위험' 경고판 설치, 관련 근로자 주의 교육 실시"
TA-0126,철도터널,넘어짐,토사 및 암반,지반,이동,시공오류,안전수칙 미준수,작업자 부주의,강관 그라우팅 작업 완료 후 이동 중 부주의,0,왼쪽 4번째 발가락 골절,안전교육 강화 및 안전한 이동통로 확보 지시,현장 터널 막장근처(26km 376)에서 그라우팅 주입공이 강관다단 주입작업 및 정리작업 완료 후 철수중에 암버럭 잔돌을 밟고 미끄러져 넘어지면서 왼쪽 4번째 발가락이 암버럭 지면에 부딪혀 골절된 사고,"7.13일 대구 대평경대연합 정형외과의원 치료 및
7. 14일 대구 대평경대연합 정형외과의원 입원",안전교육 철저 및 근로자 안전의식 강화
TA-0127,도로터널,부딪힘,건설공구,공구류,천공작업,시공오류,사전검토 미흡,사전 설계도서검토 미흡,전동공구와 하부 트레이간 작업 공간 협소한 상태에서 급하게 공구가 회전하여 손도 동반회전하면서 하부투레이에 충돌,0,사고자 오른쪽 손등 골절로 전치 6주 예상,"작업전 작업절차서 수립 및 준수 여부확인, 작업구간 협소 여부 확인","공기정화시설1 집수정 수중모터 전기배관 관로 구멍 타공작업 중 전동드릴 헤드부분이 걸린 상태에서 공구가 회전하여 상부 케이블트레이에 걸려 손잡이가 부러지고, 오른손의 힘이 공구 회전력을 이기지 못해 손이 돌아 하부 케이블트레이에 충돌하여 손등이 골절된 사고임",10:00 사고발생즉시 인근 정형외과 진료 후 14:00 대학병원(고려대 안암병원)에서 정밀진단,간섭트레이 해체 후 작업 실시. 숙련된 작업자 투입
TA-0128,도로터널,물체에 맞음,기타,지하매설물,설치작업,시공오류,시공불량,구조안전 미확보,"안전방호 미조치 및 현장근로자 교육(작업방법, 안전관리 등) 미흡",0,사고에 따른 병원 진료 및 수술비,"작업 중 방호조치 철저 및 근로자에게 시공방법, 안전교육 실시",2021년07월16일 01시 40분경 터널 작업자(김OO)가 신서터널 시공과정에서 천단부 락볼드 충진작업중 충진재가 떨어져 근로자 손등 부상,사고 직후 연천의료원 응급실로 이동 후 진찰 결과 인대 파열이 예상되어 수술이 가능한 의정부 을지대병원으로 03:30분경 도착하여 11:00경 진료 및 수술,"작업 중 방호조치 철저 및 근로자에게 시공방법, 안전교육 실시"
TA-0129,기타,부딪힘,건설기계,특수건설기계,연결작업,시공오류,안전수칙 미준수,작업자 부주의,재해자의 작업위치 부적절/ 베터리카 운전원의 운전미숙,0,재해자 갈비뼈 및 쇄골 골절,자체 처리 예정,2021년 07월21일 오전 09:45경 재해자가 베터리카와 광차 연결핀 체결 작업중 후진 중인 옆라인 광차와 충돌하는 재해 발생,병원 후송 후 치료중,작업위치 및 방법 사전교육 및 작업상태 관리감독/베터리카 운전원 교육/ 베터리카와 광차 충돌 및 협착 방지를 위한 장치 설치/안전관리 메뉴얼 추가 제정
TA-0130,철도터널,물체에 맞음,토사 및 암반,부석,장약 및 발파작업,시공오류,시공불량,시공품질 미확보,낙석방호선반을 설치하였으나 막장 천단부 육안 확인이 어려운 부분의 낙석제거 미흡,0,피해 없음,낙석방호선반 개선,"21년 7월 25일 15시경 13환기구 본선터널 시점부 버력처리 후 장비 부석정리 및 인력 부석정리 작업을 실시하고, 낙석방호선반 설치 및 하반 장약 작업 후 상반 장약을 위헤 차징카로 방호선반 해체중 부석이 낙하하여 방호선반에 1차로 부딪힌 후 재해자에 충돌",병원 긴급 후송하여 치료,낙석방호선반 수정 제작(방호선반을 약15도 각도로 설치하여 낙석이 발생하여도 막장면으로 떨어지도록 방호선반 개선)천공 후 굴삭기 버켓으로 2차 부석정리 실시후 2차 인력 부석정리 실시
TA-0131,도로터널,넘어짐,기타,기타,정리작업,시공오류,안전수칙 미준수,작업자 부주의,지면에 물기가 있는 상태에서 작업 시행,0,피해 없음,"사고원인 조사 및 작업자 교육 사례전파, 재발방지대책 마련",완산터널 종점부 STA. 46+700 임시물탱크 저장소에서 배수호스를 정리하던 중 미끄러지면서 발목을 접지름,"8.23. 13:10 사고발생
8. 23. 17:00 정상근무 후 퇴근
9. 01. 네오그린 협력업체에서 DL건설로 사고보고
9. 24. 근로복지공단에서 산재관련 사실여부 연락
9. 27. 발주청 사고보고",작업전 작업구간 이상유무 확인 일용직 근로자 투입전 안전교육 및 건강상태 확인 일용직 근로자 관리감독 강화
TA-0132,기타,물체에 맞음,건설자재,자재,이동,시공오류,안전수칙 미준수,작업자 부주의,협소한 구간 내 복합적인 작업 진행,0,타박상,안전사고 의식 제고 강조,"이동식 크레인으로 자재를 이동시키기 위해 무전 교신하며 이동 중이던 재해자(장찬수)씨가 주변에 일하던 (김일천)씨 에게 앵글을 치워 달라고 요구하여 (김일천씨)가 앵글을 치우던 중 뜨거움을 느끼고 손에서 놓침 (길이 약 2m 이내, 높이 20cm가량에서 발등에 떨어짐)","병원 이송 및 X-Ray, CT 촬영",협소한 장소내 복합적인 작업고종 금지
TA-0133,도로터널,부딪힘,건설기계,굴착기,정리작업,시공오류,기계장비관리 미흡,운전자 자격관리 미흡,장비 운전원 숙련 미숙으로 인한 장비 넘어짐 사고,0,장비 우측 부분 파손,재해자 사고부위 경과 수시 확인동일유형 사고 발생예방을 위한 장비기사 안전교육 실시,2021. 09. 02(목) 10시 21분 경 GS건설(주) 직영소속 굴착기 운전원 OO(만00세)씨가 무안2터널 STA.4+930지점에서 측면 미굴부 브레이커 작업중 브레이커가 작업중 벽면에서 미끄러져 굴착기가 우측 측면으로 넘어지면서 어깨와 머리에 충격이 있어 병원 진료중,"21.9.2 11:15 : 밀양 윤병원 후송21.9.2 13:40 : 머리 CT촬영결과 머리뼈 미세골절 소견21.9.2 14:05 : 창원 경상대병원 이동 및 추가검사(CT, X-ray)21.9.2 17:15 : 미세골절(실금) 소견",장비운전원 안전교육 실시
TA-0134,기타,넘어짐,기타,기타,운반작업,시공오류,안전수칙 미준수,작업자 부주의,자재 하역 후 하차 중 넘어짐 사고 발생,0,피해 없음,재발방지대책 이행 예정,"유입부 철근 가공장에서 카고크레인 자재 운반 및 하역 작업중 카고크레인 적재함에서 자재 하역 후 지면으로 내려 오던 중 승하강 사다리 답단(2단, 높이 약90cm)에서 뛰어 내리다 바닥으로 넘어짐",작업 진행 후 병원 입원,일일 TBM 사고 사례 전파 및 교육 실시
TA-0135,철도터널,넘어짐,기타,기타,이동,시공오류,안전수칙 미준수,작업자 부주의,트럭 세륜 후 연속된 살수 작업을 위해 임시로 배관파이프에 거치한 호스에 걸려 넘어짐,0,피해 없음,"- 사고사례 전파 교육
- 재발방지 조치 교육 실시
- 현장 확인 점검",트럭 세륜 후 이동 중 호스에 발이 걸려 넘어짐,"- 13시40분 사고발생 괜찮다고 생각하여 계속 근무
- 17시30분 휴게소에서 파스로 응급처리 후 타박상이라 생각하고 숙소로 걸어서 귀가
- 다음날 무릎에 통증이 있어 병원 방문",살수기 사용후 정리정돈-살수기 노즐 시인성 확보-이동통로에 걸려 넘어질수 있는 자재 방치 금지
TA-0136,철도터널,끼임,건설기계,특수건설기계,설치작업,시공오류,안전수칙 미준수,작업자 부주의,라이닝폼 이동용 레일 연결작업 중 동료근로자가 지렛대로 레일을 무리하게 움직이다 레일이 균형을 잃고 넘어져 다른 한쪽에서 연결용 볼트체결 중이던 근로자의 새끼손가락이 협착,0,피해 없음,근로자 안전교육 강화(무리한 작업 금지 등),2021년 10월 20일 08:35경 마원터널 내부에서 라이닝폼 이동용 레일 연결작업을 위해 동료근로자가 지렛대로 레일을 무리하게 움직이는 과정에서 레일이 균형을 잃고 넘어져 다른 한쪽에서 연결용 볼트체결 중이던 근로자의 새끼손가락이 협착된 사고임.,"신속히 병원 이송 및 치료실시, 산재처리 예정","안전교육 강화, 특별점검 실시 등"
TA-0137,지하차도,넘어짐,가시설,거푸집,조립작업,시공오류,안전수칙 미준수,작업자 부주의,오산시청지하차도 31BL 이동중 방호벽 거푸집 결속철선에 걸려 전도,0,전도 하면서 왼쪽 손목 골절,결속철선 식별성 강화를 위해 유색 테이프 부착 및 근로자 이동통로 별도 조성,해정건설 소속 근로자 최OO 님이 2021.11.06(토) 10시 50분 경 지방도317호선(시도10호선) 연속화 공사에서 31BL 기초에서 근로자 이동중 방호벽 결속철선에 걸려 넘어짐,"사고발생(10시 50분), 최초신고(10시55분), 병원이송(11시20분), 발주청 조사(11시 40분)","철선 식별토록 테이프 부착, 근로자 이동통로 구분 설치"
TA-0138,철도터널,끼임,가시설,기타 가시설,청소작업,시공오류,안전수칙 미준수,작업자의 불안전한 행동,세륜기 롤러위에서 좌측발이 미끄러지면서 롤러사이에 발목이 끼임,0,피해 없음,세륜기 롤러주변 출입금지 조치 실시 후 내부 청소작업를 고압살수기로 실시(작업방법 개선)-작업시작 전 작업사항에 대한 안전교육 실시,2021년 11월 06일(토) 14시 35분경 환기구10번 세륜기 롤러위에서 내부 청소작업을 하던 중 재해자 김OO 세륜기 롤러에서 좌측 발이 미끄러지면서 발목이 끼여 골절된 사고,병원이송 및 치료중,세륜기 롤러주변 출입금지 조치 실시 후 내부 청소작업를 고압살수기로 실시(작업방법 개선)
TA-0139,도로터널,부딪힘,기타,차량,굴착작업,시공오류,안전수칙 미준수,작업자 부주의,카리프트 운전원과 하부 신호수의 신호체계 미흡으로 인한 사고 발생,0,차량 하부 범퍼 파손,"카리프트 하부 추가 cctv 설치예정 및 카리프트 운전원, 일대장비, 화물차운전원등 작업전 안전교육 실시",수직구2 터널내 자재하역후 복귀하는 화물차량이 카리프트 하부 진입중 카리프트 운전원 조작실수로 단차가 발생되어 차량에 충격이 가해지는 사고 발생,화물차운전원 인근 병원이송후 진료 실시,"카리프트 하부 사각지대 cctv 추가 설치 및 카리프트 운전원, 일대장비, 화물차운전원 작업전 안전교육 실시"
TA-0140,도로터널,물체에 맞음,건설자재,철근,정리작업,시공오류,안전수칙 미준수,작업자 부주의,"터널내 라이닝 철근 조립 시 노출된 철근을 그라인더를 이용해 절단작업 중 절단된 처근이 비산되어 인근에 작업하고 있던 근로자가 비산철근에 맞음
- 철근 절단작업자 주위 근로자 통제 미흡",0,피해 없음,o 철근 절단작업자 주위 근로자 확인 후 작업실시o 절단 작업주변 근로자 통제 철저,철근반장이 철근 대차 위에서 그라인더 절단 작업 중 철근이 절단되면서 잔재 철근이 비산되어 옆에서 철근 조립 중이던 재해자 코에 맞음,"o 2021.11.16, 16:30 : 사고발생(소량의 출혈 발생)
- 정상퇴근o 2021.11.17, 07:30 : 정상출근 11:30 : 재해부위 붓기 및 통증으로 인한 병원 방문(밀양우리이비인후과의원) 15:00 : 코 CT촬영결과 비골골절 소견",o 철근 절단작업자 주위 근로자 확인 후 작업실시o 절단 작업주변 근로자 통제 철저
TA-0141,철도터널,물체에 맞음,건설기계,특수건설기계,보수 및 교체작업,시공오류,시공불량,시공품질 미확보,장비 프레임의 육안으로 확인되지 않은 균열부의 탈락으로 인한 타격,0,물적피해 없음,"장비 점검, 수리 작업시 취약부 존재 사전확인 및 사고 유발 요인 제거","점보드릴 하부 뒷바퀴 프레임 교체 작업을 위해, 프레임 우측편 볼트를 해체하는 과정에서 프레임 좌측편의 요접부위가 균열로 인해 탈락되며 프레임과 축의 처짐이 발생하여 하부에 앉은 자세로 작업중이던 재해자의 등을 타격",병원으로 이송(119) 후 검사 및 치료,"장비 점검, 수리 작업시 취약부 존재 사전확인 및 사고 유발 요인 제거"
TA-0142,도로터널,넘어짐,가시설,특수거푸집(갱폼 등),해체작업,시공오류,안전수칙 미준수,작업자 부주의,공동구에서 자재정리중 지면으로 미끄러져 넘어짐,0,피해 없음,재발방지 대책을 수립하여 동종 재해가 발생하지 않도록 관리함,2021년 12월 10일 09시 30분경 강재목공 허OO(만 OO세)씨가 높이50cm 위의 공동구에서 자재정리중 지면으로 미끄러져 넘어지면서 통증을 호소하여 119 신고 후 울릉 의료원으로 이송,119 신고 후 울릉 의료원으로 이송,시인성이 좋은 높이조절 발판 설치 및 지면에서 자재정리 실시토록 교육
TA-0143,도로터널,물체에 맞음,토사 및 암반,터널 막장면,장약 및 발파작업,시공오류,시공불량,시공품질 미확보,부석제거 미흡으로 인한 절리사이에 있는 충진물 낙하사고,0,물적 피해없음,"하부 장약작업시 방호용 플라잉넷 설치후 장약작업 실시, 막장면 부석정리 실시 및 스케일링후 관리감독자 확인할것",막장면 하부 장약작업중 절리사이에 있는 충진물이 떨어져 어깨에 충격이 가해진 사고,"동료근로자 무전기이용하여 공사담당자 무전으로 사고보고후, 응급조치후 인근병원으로 이송하여 진료","하부장약작업시 방호용 플라잉넷 설치, 장약작업전 부석정리 및 스케일링 작업후 관리감독자 확인후 작업 실시"
TA-0144,도로터널,넘어짐,기타,기타,청소작업,시공오류,안전수칙 미준수,작업자 부주의,재해자가 터널 공동구 청소작업을 하기위하여 보행중 노출철근에 안전화 앞부분이 걸리면서 몸의 중심을 잃고 70cm 하부 바닥으로 쓰러지면서 좌측 손을 바닥에 짚은과정에서 팔꿈치 탈골이 발생한 사고임.,0,작업자 상해 발생 후 치료중,감리단 및 시공사 안전교육 실시,부석터널 시점 라이닝 철근 작업에 투입된 보통인부(용역)가 공동구 노출철근에 걸려 넘어지면서 좌측 팔꿈치가 탈골된 사고임.,재해자가 움직일 수 없고 심한 고통을 호소하며 2차 부상이 우려되어 119에 신고. 119 구급차로 영주 카톨릭병원 응급실로 이송.,미숙련공 투입금지 및 관리감독 강화
TA-0145,지하차도,화재,가시설,기타 가시설,전기작업,시공오류,안전수칙 미준수,작업자의 불안전한 행동,분전반의 잠금장치를 임의로 해제하고 전원 미차단 상태에서 전선연결 시도근로자의 전기에 대한 위험성 인지 부족,0,피해 없음,"건설사업관리단, 시공사, 협력업체와 함께 현장의 가설전기 및 전반적인 안전에 대한 정기적인 합동점검 실시",1.사고내용 : 2022년 02월 10일 14시 30분경 지하차도 BOX TYPE( B1 STA.0+320~350) 을숙도방향 1단 벽체 되메우기 후 임시 이동했던 가시설공 휴게실(컨테이너)을 재설치 하는 과정에서 전기담당자가 아닌 피해자(지OO)가 임의로 잠금장치 해제 및 전원 미차단 상태에서전선을 연결하던 중 스파크 발생으로 인한 화상 사고 발생.,"14:30 사고발생14:35 부산 장림 하나병원 이송14:45 부산 장림 하나병원 도착14:55 담당의사 진료 (오른손, 좌측 안면부 2도 화상 진단)","1. 전기담당자 증원 (1명 → 2명)
2. 근로자, 관리감독자 안전교육 실시
3. 분전반 시건장치 관리 강화 (시건장치 해체 : 관리감독자 관리)"
TA-0146,도로터널,물체에 맞음,건설자재,자재,설치작업,시공오류,시공불량,시공품질 미확보,커플러 체결 불량,0,피해 없음,해당공종 작업자 및 관리감독자 안전교육 실시 및 위험성 평가 수시 점검(경미한 부상 판단으로 인한 당시 신고 누락),"1. 누가 : 송광사2터널부 작업자 손OO
2. 언제 : 2022년 02월 15일 새벽3시경
3. 어디서 : 송광사2터널
4. 무엇을 : 송광사2터널부 주암방향 횡갱 락볼트 시공 과정 중
5. 어떻게 : 물 주입을 위해 압력을 가하는 순간
6. 왜 : 커플러 체결 및 고정불량으로 물 주입하는 건 끝부분이 코뼈 및 광대를 타격함",순천 오병원 병원 치료 실시,해당공종 안면 보호구 의무 착용(보안면 일체형 안전모 지급)
TA-0147,도로터널,부딪힘,건설기계,덤프트럭,상차 및 하역작업,시공오류,안전수칙 미준수,작업자 부주의,터널 막장 발파 후 버력을 덤프트럭으로 적재하여 터널 외부에 위치한 버력야적장으로 운반하여 신호수의 신호에 따라 적재된 버력을 하차하던 중 신호수가 하자위치를 변경하는 신호를 확인하고 덤프트럭의 위치를 수정하여 적재함을 재차 내리던 중 운전석 좌측 하단의 적재함 유압조절레버 조정 미숙으로 적재함이 급격히 하강하여 덤프트럭 본체와 강한 충격이 발생함에 따라 운적석도 그 충격으로 인해 심하게 흔들리면서 운전원이 염좌 및 타박상이 발생한 것으로 사료됨,0,덤프트럭 적재함 유랍조절장치 파손,"1. 사고발생 사례 전파 예정
2. 안전교육 시행 및 결과보고 조치",2022년02월18일 10시경 터널종점 버럭운반 덤프트럭15톤 차량운전기사 OO(재해자)가 버럭을 싣고 터널종점 입구 하치장에 버럭을 내리던중 신호수의 하차위치변경 신호에 따라 덤프트럭 하차위치를 수정하여 적재함을 내리던 중 적재함이 급격히 내려와 덤프트럭 본체와의 충격으로 운전석이 흔들리면서 운전을 하던 OO 몸에 충격을 받아 머리가 아프다고 주장함. 재해자는 치료를 위해 2월24일 최초 병원 방문하여 최초 진단을 받았음.(사업주는 재해사실을 인정할 수 없는 관계로 근로복지공단의 승인여부에 따라 신고대기),"2022년 2월 18일 : 오전 10시경 사고 발생, 재해자는 머리 두통이 일부 있었으나 경미한 것으로 판단하여 병원 검진 등은 하지 않았음.2022년 2월 24일 : 재해자가 별도로 병원을 방문(최초 검진)2022년 3월 2일 : 산재 신청(재해자 직접 접수)2022년 3월 2일~2022년 3월 15일 : 노동부 및 근로복지공단과 해당 시공사간 산재처리 가능 여부 등 협의2022년 3월 15일 : 시공사 → 발주자 사고발생 통보","건설기계장비 운전원 및 신호수 안전교육을 추가 실시하고, 건설기계장비 운전원은 가능한 한 숙달된 인력을 투입하여 동일한 사고가 발생하지 않도록 미연에 방지할 수 있도록 조치"
TA-0148,철도터널,부딪힘,기타,기타,정비작업,시공오류,안전수칙 미준수,작업자 부주의,"피해자는 대곡~소사선 하선 쉴드 TBM 내 피난연결통로 5 링빔 바닥부 치핑작업중 이었으며 협력사(아주지오텍)03 굴삭기가 환기구 2로 이동 중 피재자와의 접근거리를 오인(붐대로 인한 시야 미확보)하여 굴삭기의 삽날과 피재자의 좌측 하퇴부가 부딪힌 사고며, 사고발생 시 가벼운 타박상으로 3일 정도 요양을 필요하지 않을것으로 판단 후 병원 이송 진찰결과 정강이뼈 부상 확인",0,피해 없음,"작업구간 내 신호수 배치 철저, 굴삭기 운전원 및 터널 내 작업자 특별안전교육","재해자는 대곡~소사선 하선 쉴드 TBM 내 피난연결통로5 링빔 바닥부 치핑작업중 이었으며, 협력사(아주지오텍) 03LC 굴삭기가 환기구2로 이동 중 재해자와의 접근거리를 오인(붐대로 인한 시야 미확보)하여 굴삭기의 삽날과 피재자의 좌측 하퇴부가 부딪힌 사고.","사고 후 즉시 병원(응급실)으로 이동, X-RAY 촬영","작업구간 내 신호수 배치, 신호수 특별안전교육 철저, 굴삭기 운전원 및 터널 내 작업자 특별안전교육"
TA-0149,지하차도,끼임,가시설,기타 가시설,설치작업,시공오류,안전수칙 미준수,작업자 부주의,작업편의를 위한 건설현장 안전시설물 미사용,0,피해 없음,근로자 굴착기 탑승금지 교육 실시안전감시원 정비 작업 감시 강화,"2022년 03월04일 11시 10분 경 지하차도BOX_TYPE 3번 블럭에서 3단 버팀보 설치 작업 중이던 재해자(임OO)가 바로 옆 2번 블록 3단 버팀보 상부에 있던 절단용 산소 호스를 내리기 위해 2번 블록 버림 토공 정지 작업중이던 B/H0.3LC(최OO)에게 버킷 상부 승차 및 승강을 요청하고, 버킷 상부에 오르기 위해 전면에 오므려져 있던 집게 연결부를 오른발로 딛고 오르던 중 이를 모르는 장비기사가 오므렸던 집게를 붐에 펼치는 작동을 함과 동시에 딛고 있던 오른발이 협착됨.",11:00 :사고발생11:20 : 강동병원 이송(사하구 신평동 소재)11:45 : 담당의사 검진,근로자 굴착기 탑승금지 교육 실시안전감시원 정비 작업 감시 강화
TA-0150,지하차도,부딪힘,건설자재,자재,정리작업,시공오류,현장계측 미흡,시공관리 미흡,시공관리 미흡,0,물적피해 없음,"- 사고 재발방지대책 수립 및 이행(완료)
- 재발방지대책회의 실시(완료)",2022년 3월 6일 11시 30분 재해자 김OO(가시설공)가 강재작업장에서 카고크레인을 보조하여 H-Beam 자재를 정리하던 중 H-Beam이 움직여(인양하던 자재와 야적 H-Beam이 접촉하면서 움직임)재해자의 오른쪽 정강이를 타격하여 골절(실금)이 간 재해임.,"- 2022.3.6. : 00병원(산재지정병원) 응급조치
- 2022.3.7. : 00벽원 정형외과 방문하여 정밀검사(CT촬영)","- 고임강재에 전도(움직임) 방지장치(앵글) 설치
- 작업구획 설정 및 안전시설물 설치
- 고임강재 용접접합
- 지반 평탄화 작업 실시
- 작업 전 안전교육 실시"
TA-0151,철도터널,부딪힘,기타,"전주, 전선",연결작업,시공오류,시공불량,시공품질 미확보,전선포설을 위해 전선을 수직구 하부로 내리던 중 고정된 전선 드럼이 갑자기 수직구 방향으로 이동하면서 협력업체 직원 타격(추정),1,물적피해 없음,현장조사 및 안전대책 방안 강구-현장 안전교육 실시,환기구18 횡갱 작업을 위한 전선 포설을 위해 수직구 하부로 내리던 중 고정된 전선드럼이 갑자기 수직구 방향으로 이동하면서 관리감독 중이던 협력업체 직원을 타격한 것으로 추정,10:11 사고발생 안전관리자 구급차 출동 요청-11:30 서울대병원 후송 후 재해자 사망-11:40 종로경찰서 현장조사-15:50 고용노동부 서울ㅈ방고용청 건설산재 지도과장 현장도착OO고용노동부 서울청 근로감독관 사고원인 조사,"- 작업방법 변경
- 전선드럼 고정방법 변경
- 고위험 작업 선정 집중관리"
TA-0152,철도터널,넘어짐,건설자재,철근,설치작업,시공오류,안전수칙 미준수,작업자 부주의,"보행통로는 설치되어 있었으나, 작업자가 보행통로를 벗어나 철근 조립 구간 사이로 발이 빠지면서 넘어짐",0,물적피해 없음,재발방지를 위해 근로자 현장 교육을 실시,점심식사를 실은 인양함을 내리는 작업중 인양함을 잡으러 오던 중 지정된 보행통로(철근망 설치구간)를 벗어나 철근 사이에 발이 빠지면서 넘어진 사고,구급차 호출하여 협력병원인 강동구 00병원으로 후송조치,재발방지를 위한 현장교육 시행
TA-0153,도로터널,물체에 맞음,건설자재,볼트,매설작업,시공오류,안전수칙 미준수,작업자 부주의,근로자가 록볼트를 삽입하는 과정에서 록볼트를 손에서 놓치면서 얼굴에 맞음,0,물적 피해내용 없음,"해당 현장 확인, 점검 후 근로자 및 안전,공사 담당자 안전 교육 실시(록볼트 시공계획서, 필수 안전사항 등)",4월27일 02:10분 곤지암1터널에서 야간 근로자가 록볼트 삽입 과정중 록볼트를 손에서 놓치면서 얼굴에 맞아 찰과상을 입음,"02:10 사고발생, 02:15 협력업체 직원차로 환자이송(000병원), 02:50 병원도착 1차 봉합수술 및 ct촬영(이상없음), 3:30 퇴원, 근로자숙소 도착, 14:000병원 안과진료(신경 이상없음)","터널 근로자 안전 교육 및 록볼트 시공계획서 교육 실시 후 현장 투입 , 천공구멍 이물질 확인"
TA-0154,기타,"절단, 베임",건설공구,공구류,천공작업,시공오류,안전수칙 미준수,작업자 부주의,전동공구를 바닥에 놓는과정에서 개인의 부주의(실수)로 인한 사고,0,피해 없음,공구 사용에 대한 재교육 실시,드릴을 바닥에 내려놓는 과정에서 전동공구 오작동으로 드릴 날에 왼손장갑이 말려 들어감,병원 이송및 수술완료,전동공구 사용 교육 실시
TA-0155,도로터널,끼임,건설공구,공구류,설치작업,설계오류,공법선정 미흡,적정 공법검토 미흡,락볼트 회전시 장갑착용으로 말려 들어감,0,피해 없음,현장관리철저,"현지터널 종점부 150M 지점에서 재해자 엄기현과 동료작업자 OO가 2인1조로 터널고소작업대(차징카)에 탑승하여 천공홀(45mm)로 락볼트(29mm, 4.5m, 20Kg)을 삽입후재해자 OO이 빠지지 않게 왼손으로 잡고있고 동료작업자 OO가 레진작업후(양생시간 10초) 오거드릴을 회전시키는데 재해자 OO이 반코팅 장갑 착용으로 왼손이 회전체에말려 들어가 검지,중지,약지에 미세하게 골절된 사고임.",즉시 산재지정병원으로 이동및 응급실 진료,사전 의사소통 위한 작업전 교육실시
TA-0156,철도터널,물체에 맞음,토사 및 암반,터널 천단부,준비작업,시공오류,사전검토 미흡,사전 설계도서검토 미흡,막장(천단부) 상부에서 숏크리트가 탈락하여 낙하된 사고임,1,물적피해 없음,사고 유발 가능성 사전 제거 및 안전교육 실시,"환기구11 본선터널 시점측 숏크리트 타설한 후 바닥 반발재 수거 천막 정리(설치) 작업중 막장(천단부) 상부에서 숏크리트가 탈락, 재해자(김OO, 터널공)를 타격하는 사고 발생",현장 응급조치 후 인근병원으로 이송,사고 유발 가능성 사전 제거 및 안전교육 실시
TA-0157,도로터널,부딪힘,건설자재,볼트,설치작업,시공오류,안전수칙 미준수,작업자 부주의,곤지암 1터널 우측 첫번째 록볼트 삽입 작업 중 천공홀 록볼트 일부가 삽입되지 않아 근입깊이까지 삽입하기 위하여 중함마로 타격중에 헛치며 재해자 손가락이 록볼트에 부딪혀 부상을 입음,0,피해 없음,"전 근로자 안전교육 및 현장점검, 락볼트 자재 변경(frp 자재)",곤지암 1터널 록볼트 작업중 록볼트에 부딪힘,16:00 사고발생 16:10 환자이송(경기도 광주시 00정형외과의원) 16:35 병원도착 18:10 손가락 골절 복원 치료 후 귀가 조치,"전 근로자 안전 교육, 락볼트 자재 변경(frp 자재)"
TA-0158,지하차도,부딪힘,가시설,지주가설재,형틀 및 목공,시공오류,안전수칙 미준수,작업자 부주의,기초 작업으로 인하여 가시설 해체 후 버팀 수직앵글 돌출부[150mm이내]에 근로자가 개인보호구 착용상태로 이동중 부딪힘,0,피해 없음,현재 박스 구조물 시공 완료로 향후 동종 사고가 일어나지 않도록 특별 관리,2022년 05월 20일 15:00 경 지하차도 BOX5 슬라브 기초 철근 조립작업 구간에 재해자(양OO)가 작업지시 및 현장관리 중 이동중에 돌출된 버팀 수직앵글에 안전모 착용상태로 부딪힘.부딪힌 후 22년 07월 20일 까지 정상 출 퇴근. 사고 관련 언급 없었으나 21일 머리통증으로 결근 후 동아대학교병원 내원 후 만성경막하출혈 판명.,2022년 05월 20일 15:00경 근로자(재해자)가 이동중 돌출된 버탬 수직앵글에 부딪힘2022년 05월 20일 ~ 2022년 07월 20 까지 정상 출 퇴근 사고내용 미언급2022년 07월 21일 재해자가 머리 통증으로 결근 후 동아대학교 내원 응급검사 실시 -> 만성경막하출혈 판명2022년 07월 23일 동아대학교 병원에서 수술 후 입원치료2022년 07월 28일 퇴원,"1.근로자들에게 사고내용 전파 및 안전교육 실시
2.버팀 수직앵글 식별가능 반사띠 부착
3.버팀 수직앵글 충격 흡수제 설치"
TA-0159,도로터널,떨어짐,가시설,특수거푸집(갱폼 등),준비작업,시공오류,안전수칙 미준수,작업자 부주의,강재거푸집 추락방지망 설치 작업 중 타작업 지시 후 천장을 보면서 내려오던 중 추락한 사고,0,"사고자 의식은 있으며, 검사결과 머리뼈가 금가 뇌가 부은 상태고 골반 탈골 후 접골조치하여 현재 병원 치료 중","부상자는 산재처리 예정, 현장 내 불안정한 행동 금지 등의 내용으로 안전교육 강화","사고자가 터널 라이닝폼 강재거푸집 조립완료 후 추락방지망 설치작업중 팀원들에게 터널 라이닝,그라우팅 투입구 설치작업을 지시하고 라이닝 강재거푸집에서 내려오다가
4. 0m 아래로 추락한 사고",사고 즉시 119에서 병원으로 이송하였으며 해당 현장 추락방지망 등 안전시설 설치 완료,불안정한 행동 금지 등의 내용으로 안전교육 강화
TA-0160,지하차도,부딪힘,기타,차량,이동,시공오류,안전수칙 미준수,작업자 부주의,차량운전자 부주의,0,피해 없음,재발방지대책회의 실시,"재해자 박OO이 퇴근 전자카드 확인 및 일상복으로 환복 후 퇴근 하던 중17시 20분경 후진하던 우원개발소속포터(차량 번호84서0111)에 충돌(외상없음)하여 교통사고(보험회사:삼성화재,접수번호20220609-03204)처리하였으나 2주후 머리가 아파 후유장애가 예상되어 산재처리 완료 함.","- 사고당일 퇴근하면서 거주지 인근병원에 X-RAY촬영 및 진단
- 사고당일 이대목동병원에서 정밀촬영후 경미하여 당일퇴원함","- 포터차량에 후진경보기 부착
- 운전자 안전교육"
TA-0161,도로터널,넘어짐,가시설,띠장,인양작업,시공오류,안전수칙 미준수,작업자의 불안전한 행동,자재인양 작업시 안전 수칙 미준수,0,물적 피해없음,자재인양 작업시 줄걸이 체결 후 1M이상 이격거리 준수 및 유도로프 사용 수시로 교육 실시할 것,카고크레인 상부에서 안전하카로 H빔을 인양중 H빔이 기우뚱하자 놀라서 뒤로 넘어짐 사고발생,"동료근로자 무전기를 이용하여 공사담당자에게 무전으로 사고보고후, 응급조치후 인근병원으로 이송하여 진료",자재인양 작업시 줄걸이 체결 후 1M이상 이격거리 준수 및 유도로프 사용
TA-0162,기타,끼임,가시설,거푸집,설치작업,시공오류,안전수칙 미준수,작업자 부주의,거푸집 설치자와 크레인 기사의 의사소통 오류,0,피해 없음,"- 작업 전, 당일 작업의 윔험요소 전파하여 모든 근로자에게 인식
- 재발방지 대책 수립 후, 근로자에 전파하여 안전사고 발생하지 않도록 관리 철저",거푸집을 크레인으로 인양하여 설치작업 중 근로자 신OO씨가 발판과 난간 사이에 손가락 끼임 부상 발생,"사고인지 즉시 병원후송, 익일 수술 완료","- 신호수와 크레인기사의 의사소통 분명화하고 작업 실시
- 거푸집 직접 손으로 만지며 작업 금지"
TA-0163,철도터널,찔림,건설자재,자재,해체작업,시공오류,안전수칙 미준수,작업자 부주의,철선 절단 작업 중 보안경 미착용으로 인한 철선에 의한 눈 찔림(보안경 착용 지급 및 착용 지시(교육)완료),0,피해 없음,안전장구 착용에 대한 재교육실시 및 현장 관리감독 철저,2022.07.22(금) 오전 10시 00분경 환기구4 종점방향 5K650 지점에서 재해자(묘꼬)가 휀튜브 해체 작업을 위해 휀튜브와 와이어로프에 연결된 철선(반생)을 절단하는 작업 중 철선(반생)에 눈을 찔린 사고,일산병원 응급실 이송 및 긴급수술 실시. 현재 입원 치료 중,안전장구 착용에 대한 재교육실시 및 현장 관리감독 철저
TA-0164,철도터널,물체에 맞음,토사 및 암반,터널 막장면,장약 및 발파작업,시공오류,현장계측 미흡,계측데이터 관리 미흡,막장면 암석 슬라이딩 발생으로 인한 사고,0,물적피해 없음,사고 유발 가능성 사전 제거 및 특별 안전교육 실시,"환기구11번 시점터널 상부 장약 작업 종료 후 낙석 방호 선반 설치 및 차징카 방호 조치 후 하부 장약 작업 중 막장면 암석 슬라이딩 발생으로 재해자 2명을 타격하는 사고가 발생하였으며, 구호조치 근로자 1명 허리삠 부상 발생",현장 응급조치 후 인근병원으로 이송,사고 유발 가능성 사전 제거 및 안전교육 실시
TA-0165,도로터널,넘어짐,토사 및 암반,부석,운반작업,시공오류,안전수칙 미준수,작업자 부주의,맞은편 정차된 덤프트럭 밀림방지를 위해 바퀴 고임용 돌을 찾다 근로자 부주의로 인해 발목을 삐임,0,물적피해 없음,"사고원인 조사 및 작업자 교육 사례전파, 재발방지대책 마련",맞은편 정차된 덤프트럭 밀림방지를 위해 바퀴 고임용 돌을 찾다 발목을 삐임,근로자 넘어짐 -> 작업종료 후 귀가 -> 병원 방문 및 진단확인 -> 시공사 통보 -> 사업단 통보 받은후 사고 현장조사 실시 및 근로자 상태 확인,근로자 불안전한 행동에 대한 교육 추가 실시 및 작업장 순회점검 강화를 통한 위험요인 추가 파악 후 위험성평가 반영
TA-0166,도로터널,끼임,건설기계,고소작업차(고소작업대 등),장약 및 발파작업,시공오류,안전수칙 미준수,작업자 부주의,"터널 장약작업을 위해 서비스카(차징카)에 탑승한 작업자가 낙석방지대 상승을 위한 레버를 작동하여야 하나, 작업자의 레버조작 부주의로 하향레버를 작동시켜 낙석방지대와 케이지에 손가락(중지,약지,소지)이 협착(끼임)된 사고임",0,물적 피해없음(인적피해: 수술 및 치료비),"- 같은 사고가 발생하지 않도록 현장관리 철저
- 사고사례 전파 및 근로자 특별안전교육 실시","2022년 8월1일 07시30분에 강진 까치내재터널 개설공사의 터널 장약작업 준비중 작업자의 장비(서비스카) 레버 조작 부주의로 낙석방지대와 케이지 사이에 작업자의 손가락(중지,약지,소지)이 협착(끼임)됨",사고발생 직후 관내(강진읍)의 강진의료원에서 1차 응급조치 후 광주에 위치한 수지골절 전문병원인 대중병원으로 이송 후 응급수술(피부봉합 및 골절) 실시함,써비스카의 케이지와 낙석방지대 사이에 협착방지장치 추가설치
TA-0167,도로터널,떨어짐,기타,기타,정리작업,시공오류,안전수칙 미준수,작업자의 불안전한 행동,"작업 철수를 위한 양수기 호수 철거 작업 중
1. 15m 높이의 물통에서 작업자가 중심을 잃고 떨어진 사고로 추정",0,부상자 1명 중상,"안전규정 준수를 강조하고, 추가적인 위험요소 제거를 위하여 안전점검 실시",수리티터널 강관다단 작업철수중 물통위에서 안에있는 양수기 호스를 철거중에 몸의 중심을잃고떨어져서 머리를 부딪히는 사고 발생,8.2 23:40경 사고발생8.2. 23:45분경 터널반장 119신고8.3. 01:00~02:00 경 보은 경찰서 사고자사 차 현장 확인,"안전규정 준수를 강조하고, 추가적인 위험요소 제거를 위하여 안전점검 실시"
TA-0168,도로터널,떨어짐,기타,기타,정리작업,시공오류,안전수칙 미준수,작업자의 불안전한 행동,"작업 철수를 위한 양수기 호스 철거 작업 중
1. 15m 높이의 물통에서 작업자가 중심을 잃고 떨어진 사고로 추정",1,경추골절로 인한 의식 불명 상태에서 병원 치료 중 사망,"안전규정 준수를 강조하고, 추가적인 위험요소 제거를 위하여 안전점검 실시","강관다단 작업자 이OO씨가 터널작업 철수를 하는 과정에서 물통(1m×1m×높이
1. 15m) 에 올라가서 호스를 철거하는 중 미끄러져 몸의 중심을 잃고 떨어져서 경추골절이 발생하여 충북대 병원으로 이송(8.3, csi 시스템에 1차 등록)하였으나, 의식 불명의 상태에서 병원 치료 중 사망(8.9)",8.2 23:40 경 사고 발생8.2 23:45분 경 터널반장 119신고8.3 01:00~02:00 보은경찰서 사고조사 차 현장 확인,"안전규정 준수를 강조하고, 추가적인 위험요소 제거를 위하여 안전점검 실시"
TA-0169,기타,물체에 맞음,건설기계,기중기(이동식크레인 등),항타 및 항발작업,시공오류,기계장비관리 미흡,운전자 자격관리 미흡,빔 근입이 1~2m 남기고 정지하여 항타를 위해 샤칼을 해체중 빔이 갑자기 하강하여 크레인의 추(후크)가 장력에 의해 흔들리면서 재해자 우측 두부의 안전모 타격,0,피해 없음,빔근입 멈춤시는 백호로 좌우 흔들어 고정여부 확인 후 작업자 접근 시도,"태왕 이앤씨 만촌역 지하연결통로및 출입구 설치공사 현장에서 협력업체소속(유성) 가시설공 김OO는 크레인으로 빔삽입작업(천공후)을 하던중 슬라임등으로 H빔이
1. 2미터 정도에서정지하여 항타작업을 위해 샤칼을 해체하는 순간 빔이 급작스럽게 하강하게 되어 순간 발생한 장력에 의해 크레인 훅크 상부의 추가 피재자 쪽으로 흔들리면서 안전모 우측상부를 타격하여 우측두부가 손상되고 우측귓볼이 찢어짐","10시 8분경 도보로 만촌네거리에 있는 수성메트로 병원으로 가서 CT검사 받았으며, 10시 40분경 결과 이상없음.12시경 우측상부 머리와 우측 귓볼을 봉합 수술함.",빔근입 멈춤시는 백호로 좌우 흔들어 고정여부 확인 후 작업
TA-0170,도로터널,넘어짐,기타,기타,준비작업,시공오류,안전수칙 미준수,작업자의 불안전한 행동,급결재 하역 작업중 하역 후 정리정돈 미흡으로 인한 넘어지면서 어깨에 충격이 가해진 사고,0,물적 피해없음,"작업장 정리정돈 등에 대한 관리감독자 확인 철저 할것,",급결재 하역 작업중 하역 후 뒷걸음질 치다 넘어지면서 어깨에 충격이 가해진 사고,인근병원으로 이동하여 진료,작업 전 작업장 정리정돈 및 작업 시 안전수칙 준수 철저
TA-0171,도로터널,넘어짐,건설기계,굴착기,운반작업,시공오류,안전수칙 미준수,작업자의 불안전한 행동,"1. 철근다발 인양 시 유도로프 미사용
2. 신호수 미배치",0,피해 없음,"사고원인 조사 및 근로자 교육 사례전파, 재발방지대책 마련",22.09.01 16:30경 재해자 OO(당시 만00세)이 대병1터널 울산방향 철근작업을 위해 장비로 철근인양 작업을 하던 중 철근다발의 유동에 의해 재해자(OO)가 발을 헛디뎌 뒤로 넘어지면서 오른쪽 손바닥을 땅에 짚으며 충격에 의해 우측손목 골절,[22.09.01]16:30 사고발생17:40 삼성합천병원 방문 후 X-ray촬영 결과 우측손목 3개소 골절(실금) 19:00 담당의사 부재로 재진료 일정(09.05) 예약 후 숙소 복귀[22.09.05]삼성합천병원 입원,"1. 자재 인양 시 유도로프 사용
2. 신호수 배치"
TA-0172,도로터널,물체에 맞음,건설자재,자재,조립작업,시공오류,시공불량,시공품질 미확보,"터널 보강 작업을 위해 격자 지보 거치 후 터널용 고소작업차 위치 조정 중 발견하지 못한 낙석으로 인하여 낙석이 떨어지며 지보상단에 맞음, 지보가 미끄러지며 근처에 있던 재해자 왼쪽 종아리 타격",0,피해 없음,수시 현장 복무 점검,"2022년 09월 06일 12:50~ 13:00시 경 재해자(터널 반장)이 지보 설치 준비 중 막장면에서 부석 덩어리가 떨어지며 지보를 타격, 지보 4개소를 막장면에 기대어 놓은 상태에서 지보 상단에 맞으며 근로자 왼쪽 종아리쪽으로 비끄러지면서 타격함",지보 설치 완료 후 13:30 병원 이동 / 명절 및 거동 불편으로 22년 09월 16일 까지 휴무 후 정상 출근,"막장 부석 정리 상태 수시 점검, 불필요한 막장면 접근금지, 지보 적재 방법 확인 및 교육, 시공 중 관리자 상시 배치, 근로자 교육 실시"
TA-0173,기타,떨어짐,기타,기타,설치작업,시공오류,시공불량,구조안전 미확보,시공상 미숙달로 인한 작업 미숙,0,PC슬라브 철구조 재설치,"수직구 마다 CCTV설치, 이중안전고리 체결, 안전블럭 동선 확보","평택 P3 현장 수직구1 구조물위에서 김상영씨가 3번 PC슬라브를 조립하려고 2번 PC슬라브 위에서 3번 슬라브1,2번 PC 구조물을 가설치 후 3번 PC 구조물 설치를 위해 무전으로 신호하여
1. 2번 슬라브 가조립하고 3번 슬라브를 내리던 중 크레인기사(첫투입)와 재해자간의 신호불일치로 3번슬라브가 2번슬라브(재해자위치)에 충돌하여 2번슬라브가 재해자와 함께 11m 아래로 붕괴됨.",119신고하여 구조작업 진행 후 닥터헬기 이용 아주대병원 이송 및 골절 수술 및 치료,"- 고소작업시 안전대 착용 및 안전고리 체결
- 작업전 작업자에게 작업방법,개인보호구 착용상태,위험요소등을 확인,전달등의 위험예지활동 철저
- 작업자 이동시 이중안전고리체결 및 수평 구명줄 코브라 착용 철저
- 근로자 안전교육 및 관리감독 철저
- 크레인 운전원 유경험자 배치 및 신호수 교육철저"
TA-0174,철도터널,떨어짐,건설기계,굴착기,청소작업,시공오류,안전수칙 미준수,작업자 부주의,근로자의 불안전한 행동으로 인한 추락(떨어짐),0,피해 없음,전 근로자 안전교육 실시,재해자는 2022. 09. 22. 08:00분경. 7수직구 상선 7k700지점에서 굴착기 운전석의 시야확보를 위하여 전면유리 청소 후 내려오던 중 미끄러져 오른쪽 손목부위 골절을 당한 사고임.,진단 결과에 따라 수술 등 치료 실시,"현장 내 확폭 및 횡갱구간 이용 건설장비 정비장소 및 정비용품(밀대, 작업발판) 확보"
TA-0175,기타,떨어짐,시설물,담장,해체작업,시공오류,시공불량,시공품질 미확보,"현장 외부 휀스의 수평파이프를 해체하기 위하여 3단 수평 파이프에 안전고리를 체결하고 해체작업을 하던 중 2,3단 수평파이프와 수직철골을 잡아주던 빔 클램프가 파단되면서 추락",0,피해 없음,휀스해체작업의 작업방법 변경에 대한 교육 및 실시확인,반포천유역 분리터널 현장의 유입부 현장 외부휀스 수평단관파이프를 해체하기위하여 3단 수평단관파이프에 안전고리체결 후 해체하던 중 2단 수평단관파이프에 설치된 빔 클램프가 파단되면서 추락,22.09.22 오후 12시20분경 사고발생 직후 근처 서울이즈정형외과로 이동하여 엑스레이 촬영 결과 이상소견없음,"작업방법 변경
- 상부고소작업을 금지하고 장비를 이용하여 해체물을 바닥에 눕힌 후 지상에서 해체작업 실시"
TA-0176,철도터널,떨어짐,가시설,기타 가시설,이동,시공오류,시공불량,시공품질 미확보,사다리 이동(하강) 중 사다리 걸쇠 파손(탈락)으로 근로자 추락,0,피해 없음,추가 조사 실시 예정,무안터널 자연환기구 사다리 이동(하강) 중 근로자 추락,"사고발생 14:25, 소방 및 건설사고 신고 14:28, 119구급대 현장 도착 14:33, 병원도착 14:42",사다리 교체(등받이울 부착사다리) 등 이동통로 가설재 점검
TA-0177,철도터널,부딪힘,가시설,흙막이가시설,설치작업,시공오류,기계장비관리 미흡,운전자 자격관리 미흡,정거장 강지보 설치 중차징카 버켓에 거치된 지보가 미끄러져 버켓에 탑승한 근로자 흉부 강타,0,피해 없음,"사고사례 전파 및 유사공정 작업 전 안전교육 철저, 재발방지대책 수립","2022.10.20 17시경 도림사거리 정거장에서 강지보 설치를 위하여 차징카 버켓에 지보를 거치한 후, 강지보를 설치하기 위하여 버켓을 상승시키다 강지보가 미끄러져 버켓에 탑승한 근로자의 흉부쪽에 부딪힘","사고발생 16:45, 199 구조대 도착 17:02, 재해자 병원 도착 17:38","사고사례 전파 및 유사공정 작업 전 안전교육 철저, 재발방지대책 수립"
TA-0178,도로터널,물체에 맞음,건설자재,자재,설치작업,시공오류,사전검토 미흡,안전관리계획 수립 미흡,강지보 자재 운반 중 바닥에 내려놓은 자재가 바닥에서 미끄러지면서 강지보 앞에 작업중이던 재해자의 왼쪽 종아리를 타격,0,피해 없음,특별교육 실시 및 안전관리 철저,"2022.10.25.(화)16:00경 재해자 이OO(터널공)는 용상2터널 붕락구간 강지보 설치를 위해 강지보 2본을 굴삭기(08W)를 이용하여 좌측 강지보를 설치위치로 이동완료후, 우측 강지보를 우측 설치 위치로 이동후 바닥에 내려 놓는중 강지보가 바닥에서 미끄러지면서 강지보 앞에 작업중이던 재해자의 왼쪽 종아리를 타격한 재해임","인근 병원 이송 후 경미한 타박상으로 인식하였으나 엑스레이 검사 결과, 골절이 발견되어 안동성수병원으로 이송 후 입원 조치","지보 설치 전 자재를 임시로 막장에 운반 시 안전하게 거치 후 후속작업 실시, 안전관리 철저 지시"
TA-0179,기타,끼임,기타,기타,조립작업,시공오류,기계장비관리 미흡,운전자 자격관리 미흡,풋스위치 및 비상정지장치 장착 된 철근 절곡기 작업 중 손가락 끼임,0,피해 없음,철근 조립작업관련 안전교육 실시,철근가공 작업중 절곡기에 오른손 검지손가락이 협착된 사고임,해당 작업 중지 및 재발방지대책 수립 및 안전교육 실시,해당 작업자 안전교육 재실시 및 숙련공 투입예정
TA-0180,도로터널,물체에 맞음,기타,기타,타설작업,시공오류,사전검토 미흡,사전 설계도서검토 미흡,숏크리트 타설 중 숏트머신 기사가 타설부위를 확인중에 천단부 숏크리트가 탈락되면서 하부에 있던 재해자 맞음,0,피해 없음,"방호선반 설치 후 작업, 근로자 재발 방지 교육 실시",산북2터널 STA.16+852.5(양평)지점 숏크리트 타설 중 숏트머신 기사가 타설부위를 확인중에 천단부 숏크리트가 탈락되면서 하부에 있던 재해자 맞음,"12:35 사고발생 및 119신고, 12:40 안전관리자, 보건관리자 응급조치 실시. 12:45 소방차, 경찰차 도착, 12:55 구급차 도착, 13:07 재해자 이송(아주대학교 병원)","방호선반 설치 후 작업, 근로자 재발 방지 교육 실시"
TA-0181,철도터널,물체에 맞음,건설자재,자재,정리작업,시공오류,안전수칙 미준수,작업자 부주의,터널내 토사제거 작업을 위해 작업발판 옮기던 중 코팅장갑에 잔여물이 묻어 있는 상태에서 순간 발판을 놓쳐 발등에 발판이 떨어져 발생한 사고임.,0,피해 없음,"동일 안전사고가 발생하지 않도록 안전교육 시행 및 작업방법을 개선하고 , 위험요인 사전 돌출 및 관리감독자 확인 점검 철저",터널내 슬라임(뻘) 제거 작업을 위해 작업발판(1.4*500*4000)을 인력으로 옮기던 중 코팅장갑에 슬라임(뻘) 잔여물이 묻어 있는 상태에서 순간 발판을 놓치면서 우측 발등에 발판이부딪혀 발생한 사고임.*본 건은 3일이상 휴업에 해당되는 재해가 아닌것으로 추정(미 확정 상태),작어장 주변 안전조치 후 작업 중지 시행과 더블어 부상자 긴급 병원 후송 조치,"동일 안전사고가 발생하지 않도록 안전교육 시행 및 작업방법을 개선하고 , 위험요인 사전 돌출 및 관리감독자 확인 점검 철저"
TA-0182,기타,넘어짐,가시설,작업발판,설치작업,시공오류,시공계획 미준수,작업순서 미준수,시스템동바리 상부 작업발판 설치 작업 중 미끄러져 중심을 잃고 수평재에 갈비뼈 충돌함.,0,피해 없음,"작업발판 설치 및 고정 상태 확인, 해당 작업자 작업방법 및 순서에 관하여 특별안전교육 실시, 휴일 작업 시 관리감독자 상주",부변전실 건축공사 구역 내 시스템동바리 작업발판 설치 작업 중 부주의로 미끄러져 중심을 잃고 넘어지며 수평재에 갈비뼈 충돌,"병원 후송하여 입원 치료 중, 향후 산재처리 예정","작업발판 설치 및 고정 상태 확인, 해당 작업자 작업방법 및 순서에 관하여 특별안전교육 실시, 휴일 작업 시 관리감독자 상주"
TA-0183,도로터널,물체에 맞음,토사 및 암반,부석,확인 및 점검작업,시공오류,시공불량,시공품질 미확보,"까치내재터널 굴착공사 중 발파 및 버럭제거 완료 후 후속공종인 강지보공 설치를 위해 여굴여부를 최종 확인하던 작업자(피해자 김OO)의 목뒤로 측벽상부의 부석(풍화암 직경 약10cm)이
1. 0m의 높이에서 낙하되어 요추 극돌기 골절(실금)된 사고임",0,물적피해 없음,동종사고가 발생하지 않도록 현장관리 철저지시-사고사례전파 및 근로자 특별안전교육 실시,"2022년 12월20일 오전 09시00분경 강진 까치내재터널 개설공사 현장의 터널내부 STA.1+498지점에서 발파 및 부석제거 완료 후 여굴상태 확인 중, 막장 우측벽의 부석(풍화암, 직경 약10cm)이 약
1. 0m 높이에서 낙하하여 작업자(김OO)의 목 부위를 타격하여 골절(실금) 발생한 사고임","사고발생 직후 관내(강진읍)의 강진의료원 정형외과를 방문하여 진단(X-Ray, CT촬영)결과, 요추 극돌기 골절로 판정되어 수술없이 보호대 착용하고 2주간 입원 후 퇴원예정임",터널 발파 후 부석제거(기계 및 인력제거) 철저 및 작업자 재발방지를 위한 특별교육 시행
TA-0184,철도터널,부딪힘,건설자재,자재,준비작업,시공오류,안전수칙 미준수,작업자의 불안전한 행동,강지보 설치 작업을 위해 막장면으로 자재를 운반 후 하역작업 중 장비기사 가 작업자를 도와주기 위해 임의로 자재를 이동 시키다 근로자와 자재 간 부딪힘 발생,0,"물적피해없음, 재해자 왼쪽 갈비뼈에 선상골절(실금:수술적 치료 필요없음)",시공사의 재발방지대책 수립 검토 및 확인 점검,동탄 환기구11 복선터널 종점부 막장 강지보 설치 준비중 강지보 자재와 작업자가 부딪힘,현장 상주 중이었던 안전관리 담당자가 119로 신고하여 아주대학교 병원 외상센터로 이송,"1.장비기사 임의 작업 금지(장비 투입 전 자격유무, 보험, 검사증등 법적 요구서류 징구 및 확인철저, 작업시작전 작업단위 TBM 재실시)
2. 작업 전, 중 안전교육 철저(신규채용자의 교육을 강화하고,터널 , 장비 작업에 대한 특별교육 실시, 위험성평가시 도출된 위험요인, 감소대책에 대한 교육실시)
3. 작업절차 준수(유경험자 및 숙련공 배치, 작업절차 및 순서에 대한 교육, 작업여건에 맞는 보호구 지급, 줄걸이 안전수칙 준수)
4. 장비기사 와 작업자간 소통 강화(양방향 소통을 위한 무전기 지급, 지정된 작업지휘자의 신호에만 장비운행, 장비기사의 의사소통을 위한 외부스피커 설치 등)"
TA-0185,철도터널,물체에 맞음,건설공구,공구류,이동,시공오류,안전수칙 미준수,작업자 부주의,"1. 라이닝폼의 이동을 위해 바닥면과 맞닿은 레일을 들어올리기 위한 공간을 확보하는 과정에서, 쇠지랫대를 사용함.2. 레일 하부에 쇠지렛대가 완전이 힘을 받지 않은 상태에서, 지렛대를 들어올리려 시도.3. 이 과정에서 지렛대가 튕겨오르면서 빠짐과 동시에, 우측 중지 손가락이 바닥의 콘크리트면과, 쇠지렛대 사이에 끼어 미세 골절이 발생한 사고임.",0,피해 없음,"1. 근로자 재발방지를 위한 교육실시
2. 유사 작업 시 손가락 협착 방지를 위한 협작방지용 장갑지급 및 착용확인","사용작업구 라이닝 폼 이동을 위해 레일 수평작업 중 빠루(쇠지렛대)가 튀어 손가락에 부딪혔으며, 퇴근 후 통증으로 12월 29일 병원 진찰결과 골절 확인되어 사고인지","1. 작업중지.2. 발주처보고,3, 산업재해처리예정",1. 유관 작업 전 손가락 협착방지용 장갑 지급 및 착용확인.2. 근로자 재발방지 교육실시.
TA-0186,철도터널,"절단, 베임",건설공구,공구류,설치작업,시공오류,안전수칙 미준수,작업자 부주의,휴대용 회전톱을 정지시키지 않고 바닥에 내려 놓으며 사고발생,0,물적피해 없음,"- 휴대용 회전톱 사용 작업에 대한 사고사례 전파 및 안전교육 실시
- 휴대용 회전톱 보관대를 설치 관리
- 재발되지 않도록 지속관리 시행","2023년 01월 11일(수) 10시 10분경, 서울역정거장 개착구간에서 7span 벽체 거푸집 보강작업을 위해 휴대용 회전톱으로 목재 절단 후 회전톱을 미정지된 상태에서 바닥에 내려놓았으나 회전톱이 우측으로 돌면서 새끼 발가락 상해 발생, 진찰결과 골절 확인되어 사고인지","병원 이동, 새끼발가락 골절 8주, 산재처리 완료","- 사고원인 조사 및 유대용 회전톱 재점검
- 다경험 직원 및 작업반 사고원인 및 대책수립 회의
- 휴대용 회전톱 사용 작업에 대한 사고사례 전파 및 안전교육 실시
- 휴대용 회전톱 보관대를 설치 관리
- 재발되지 않도록 지속관리 시행"
TA-0187,도로터널,떨어짐,가시설,거푸집,해체작업,시공오류,안전수칙 미준수,작업자 부주의,"터널라이닝 해체 작업 준비하며 통로이동중 고정되어 있지 않은 철망을 밟고 철망과 함께
1. 8m아래 지면으로 추락",0,피해 없음,작업전 추락대비 근로자교육 실시 및 시설물 고정상태 확인,"2023년01월30일 08시30분 태조산터널시점부 터널라이닝 해체 작업 준비하며 통로이동중 고정되어 있지 않은 철망을 밟고 철망과 함께
1. 8m아래 지면으로 추락",사고후 천안우리병원 승용차로 이송하여 검사후 자택인 서울영등포부근 새길병원으로 자가이동하여 입원,관리감독자 배치 및 안전의식 고취 위한 추락방지 교육 실시작업전 거푸집 자재 고정상태 확인숙련공 선별하여 작업 투입
TA-0188,도로터널,끼임,건설기계,고소작업차(고소작업대 등),장약 및 발파작업,시공오류,안전환경 미제공,안전발판 설치 미흡,지보설치를 위해 차징카 방호선반 레버조작 중 방호선반이 하강하면서 오른쪽 발등을 타격하는 사고 발생,0,피해 없음,방호선반 주위 방호조치 실시,지보설치를 위해 차징카 방호선반 레버조작 중 방호선반이 하강하면서 오른쪽 발등을 타격하는 사고 발생,병원이동하여 진료결과 우측족부 내재근 파열로 인한 수술,방호선반 주위 방호조치 실시
TA-0189,철도터널,떨어짐,건설기계,콘크리트믹서트럭,이동,시공오류,안전수칙 미준수,작업순서 미준수,카리프트에 차량 탑재 시 운전원 하차 완료 후 작동하여야 하나 운전자 미하차로 인해 카리프트 추락 시 근로자 부상,0,"콘크리트 믹서트럭 일부파손, 카리프트 부품손상","안전부서 조사 후 재발방지 대책 수립, 현장 전파교육",23.02.16. 08시25분경 6번 수직구 카리프트 상승중 바닥에서 약 20M 높이에서 카케이지(차량 이동장치) 추락으로 차량에 탑승하고 있던 운전자 경상,"08:46 119 신고, 09:25 병원 이송, 10:10 경찰 현장 도착 및 조사, 10:20 발주처 사고원인 조사초기 3주 진단 및 경과에 따라 추가 진료 필요, 부상부위 : 요추 1번외 2개소 미세골절, 산재접수(진행중)","- 카리프트 특별점검 실시
- 근로자 카리프트 이용관련 특별안전교육 실시"
TA-0190,철도터널,"절단, 베임",건설공구,공구류,조립작업,시공오류,안전수칙 미준수,작업자 부주의,전기톱으로 토류판을 절단하는 중 토류판이 튕겨져 손목 가격,0,피해 없음,재해발생 작업 대상으로 위험성 평가 실시,토류판절단작업중 튕겨나온 목재에 손등을 다침,"사고발생 즉시 중앙U병원에서 진료, 입원치료 중",재발방지 안전교육 실시
TA-0191,도로터널,넘어짐,건설기계,로더,이동,시공오류,행정조치 미흡,관계자 관리 미흡,2023년 3월 27일 11시경 부산광역시 연제구 거제동 중앙IC 터널 내부에서 지보 설치작업 종료하고 장비 주차 후 계단 하차 중 발을 헛딛어 우측 발목 통증이 발생하는 사고,0,물적 피해없음,작업장 정리정돈 등에 대한 관리감독자 확인 철저 할것,지보 설치작업 종료하고 장비 주차 후 계단 하차 중 발을 헛딛어 우측 발목 통증이 발생하는 사고,3월 27일 11:00 동래봉생병원으로 이동및 진료 하였으니 통증이 계속되어 3월 28일 09:00 효성시티병원으로 이동하여 진료 결과 수술 필요 소견 4월6일 수술 진행하여 요양중,작업구간 정리정돈 철저 및 바닥 평탄화 작업 실시
TA-0192,철도터널,끼임,건설자재,철근,조립작업,시공오류,안전수칙 미준수,작업자의 불안전한 행동,인장력으로 인한 끼임 위험이 예상됨에도 불구하고 단독으로 도구를 사용하지 않고 무리한 동작으로 작업,0,피해 없음,"위험작업 2인1조 실시 및 작업시 안전확보에 필요한 공도구 사전 확인 후 준비,사용",2023.03.31(금) 오전 9시 50분경 GTX-A2공구현장 터널정거장에서 내국인 근로자 000씨가 대단면 라이닝 철근 조립 중 철근과 철근사이에 손가락이 끼임,원당연세병원에서 인대 봉합 수술 후 입원치료중,"위험작업 2인1조 실시 및 작업시 안전확보에 필요한 공도구 사전 확인 후 준비,사용"
TA-0193,지하차도,넘어짐,기타,기타,굴착작업,시공오류,안전수칙 미준수,작업자 부주의,2023년 4월23일(일) 16시30분경 센텀IC 터널갱문근처에서 GS건설 터널공 OO(68년생)씨가 이동 중 우측발목을 삐끗ㅎ여 우측발목에 통증이 발생하는 사고,0,피해 없음,바닥 평탄화 작업 실시,이동 중 우측 발목을 삐끗하여 우측발목에 통증이 발생하는 사고,병원 방문 후 치료 받음,바닥 평탄화 작업 실시
TA-0194,기타,끼임,건설자재,자재,해체작업,시공오류,안전수칙 미준수,작업순서 미준수,해체방법 불량으로 인한 자재와 오른발 협착,0,피해 없음,연2회 이상 현장 점검 및 감독 실시 예정,2023년 5월 2일 오전 09:50경 지구외추진 추진구 2에서 터널 원형추진기 내부에서 원형조작반을 좌우로 분리하여 해체하던 중 우측 반원형 조작반이 미끄러져 내려와 재해자 발이 협착됨,"사고발생 09:50, 응급조치 후 OO병원(지정병원)으로 후송 10:40, 발주청 및 인·허가기관 조사 13:00","해체방법의 불량으로 해체된 조작반이 미끄러지지 않도록 하는 버팀대 미설치, 작업순서에 대한 특별교육 및 관리감독 실시"
TA-0195,도로터널,넘어짐,기타,기타,설치작업,시공오류,안전수칙 미준수,작업자 부주의,포터가 후방 확인을 안하고 후진하여 작업 중인 배관을 충격하고 그 배관이 재해자 다리 하단부를 치고 그 충격으로 넘어지면서 어깨 부상을 당한 사고,0,피해 없음,배관 포설작업시 터널외부에서 일자형태로 미리 풀고 차량으로 터널 이동,"2023년 5월 15일 오전 06시경 신원3터널 시점부 함양방향 횡갱근처(352m 지점)에서 2인치 PVC배관을 바닥에 내려 포터 적재함에 작업줄을 걸어서 배관을 푸는 작업하던 중, 포터가 후진하여 작업 중인 배관을 충격하고 그 배관이 재해자 다리 하단부를 치고 그 충격으로 넘어지면서 어깨 부상을 당한 사고",08:05 야간작업 교대 후 숙소로와서 쉬고 있던 중 어깨 통증 야간작업조 조장(000 조장)에게 보고 000조장은 대흥토건 공무팀장 000 부장에게 유선보고 서원정형외과에 내방하여 x-ray 촬영토록 지시 09:20 거창 서원정형외과 도착 후 대기 10:00 거창 서원정형외과 x-ray 촬영 x-ray 촬영 후 뼈 자체는 이상없다는 소견(MRI 권고) 11:30 사무실 복귀 13:00 대흥토건 000부장과 거창 적십자병원 이동,배관 포설작업시 터널외부에서 일자형태로 미리 풀고 차량으로 터널 이동
TA-0196,기타,깔림,건설자재,자재,설치작업,시공오류,안전수칙 미준수,작업순서 미준수,작업자 위치 선정 미흡(관내부에서 유압재 조작 가능했으나 관 밖에서 유압잭 가동),0,피해 없음,연2회 이상 현장 점검 및 감독 실시 예,왼쪽 정강이 및 발등 골절,"사고발생 07:40, 응급조치 후 인천 OO병원으로 후송 08:40, 발주청 및 인·허가기관 조사 13:00","유압잭 세팅 후 미고정 상태로 추진 진행으로 인한 유압잭 탈락, 작업순서에 대한 특별교육 및 관리감독 실시"
TA-0197,철도터널,물체에 맞음,건설기계,굴착기,굴착작업,시공오류,안전수칙 미준수,작업자 부주의,줄파기 작업을 위해 굴착기 버켓을 교체하는 과정에서 바닥에 세워두었던 줄파기용 버켓을 굴착기가 건드려 버켓이 옆으로 넘어지면서 버켓 이탈방지핀을 체결하고자 대기 중인 재해자의 발등을 타격함,0,피해 없음,"위험성평가 및 TBM내용에 '굴착기 버켓 교체시 주의사항' 포함, 장비 작업 시 관리감독자 상시배치, 버켓 교체시 평탄한 지반에서 실시, 이탈방지핀 체결은 장비 운전원이 직접 실시",굴착기 버켓을 교체하던 중 버켓 안전핀을 체결하기 위해 옆에서 대기중이던 재해자 쪽으로 버켓이 넘어지면서 재해자의 왼쪽 발등을 타격,"사고발생 09:30, 병원 이송 09:40, 병원 검사 10:10, 핀 고정 수술 완료 익일 10:40","장비작업 안전관리 강화, 작업방법 개선"
TA-0198,기타,끼임,가시설,흙막이가시설,설치작업,시공오류,안전수칙 미준수,작업자의 불안전한 행동,중량물 취급 부주의(2인 작업시 신호 미흡),0,피해 없음,"관리감독자 안전교육 및 현장 안전 점검 실시, 사고자 경과확인(산재처리 등)",2023년 5월 19일 오전 7시 50분경종점부 2단 버팀보 설치작업중 버팀보와 버팀보 사이 보강을 위한 보강재(L형강) 설치 과정에서L형강의 위치를 잡던 중 L형강과 버팀보 사이에 오른손 약지손가락 끝이 협착 되는 재해를 당함.,"사고발생 07:50, 병원이송 80:30","2인 작업 작업자간 신호교육, 중량물 취급 작업순서 교육 및 안전보호구(보호장갑등) 착용철저, 가시설공 및 건설장비기사 특별안전교육실시"
TA-0199,지하차도,물체에 맞음,토사 및 암반,터널 막장면,천공작업,시공오류,시공계획 미준수,작업순서 미준수,전석 천공시 상부부터 작업해야하나 작업자 임의로 천공 및 강관막장 내부에서 토사 굴착후 상부 전석 천공작업시 암석파편에 대한 보호조치 없이 작업,0,물적 피해 없음,"1. 굴착순서 준수 점검 및 관리, 2. 개인보호구 착용상태 수시 점검, 3.낙하방지판 설치 관련 확인",2023년 05월 30일 오전 11시 30분경 지하차도 추진기지에서 추진강관(직경910mm) 내부에서 굴착작업을 위해 막장 암석부분에 드릴로 구멍을 뚫은 곳에 야(정)를 꼽고 핸드브레이커로 야를 치던 중 상부에서 파편이 떨어져 오른쪽 손목 부분에 맞음,"사고발생 05/30 11:30, 병원이송 약12:00, 산업재해 조사표 제출 6/1","굴착순서(상부, 중부, 하부 순) 준수 교육, 강관상단부 낙하방지판 설치"
TA-0200,지하차도,끼임,건설자재,와이어로프,준비작업,시공오류,안전수칙 미준수,작업자의 불안전한 행동,유도로프 미사용,0,물적피해 없음,인양 작업 시 유도로프 사용을 철저히 하도록 교육하겠습니다.,카고크레인을 이용하여 자재를 인양하던 중 줄걸이에 우측 새끼 손가락 끝부분이 끼이는 사고 발생,병원 방문 후 치료 및 수술 진행,인양 작업 시 유도로프 사용 철저히 할 수 있도록 교육 실시
TA-0201,철도터널,넘어짐,기타,"전주, 전선",정리작업,시공오류,안전환경 미제공,불량자재 관리 미흡,점보드릴 작업종료 후 전선 정리작업 중 작업자 부주의로 인해 전선에 걸려 넘어짐,0,피해 없음,현장 수립한 재발방지대책 이행 여부 지속 확인 및 관리,영등포 터널 정거장에서 점보드릴 천공 후 전선 정리작업 중 전선에 걸려 넘어지면서 지면에 손을 짚어 발생된 사고임,지정병원 내원 및 검사 실시,"- 안전조회를 통해 작업장 주변 보행중 위험요인의 확인 습관화
- 안전조회 및 작업 전 작업반장의 지속적 교육 실시
- 위험성평가 반영, 정보 공유 및 작업 전 교육실시 확인
- 현장점검 시 통로바닥 장애물에 의한 위험 파악"
TA-0202,철도터널,떨어짐,가시설,작업발판,이동,시공오류,안전수칙 미준수,작업순서 미준수,라이닝폼 작업발판 용접부가 해체시 타격으로 인해 고정부 탈락,0,피해 없음,"- 라이닝폼 해체작업에 대해 위험성 평가시 위험성 상향
- 작업전 발판 설치 상태 확인 강화
- 안전벨트 걸이 시설 보강 설치",환기구21 본선터널 시점부 라이닝폼 해체를 위해 점심 식사후 측면발판 이동하여 안전대 고리체결을 하려던 중 발판 고정부가 탈락되면서 근로자가 미끄러져 떨어짐,119 신고하여 병원이송,"- 라이닝폼 해체작업에 대해 위험성 평가시 위험성 상향
- 작업전 발판 설치 상태 확인 강화
- 안전벨트 걸이 시설 보강 설치"
TA-0203,도로터널,넘어짐,시설물,건물,정리작업,시공오류,안전수칙 미준수,작업자 부주의,퇴근 시간 임박함에 따라 작업 근로자의 주의력 저하,0,추후 확인 필요,추가적인 현장 조사 예정,가BP장 정리 후 계단을 내려오다 계단 하부로 넘어짐,"인근 병원 응급실 이동, CT 및 X-RAY촬영 결과 대기",계단 미끄럼방지 조치
TA-0204,도로터널,깔림,가시설,거푸집,이동,시공오류,현장계측 미흡,시공관리 미흡,"지하환기소 라이닝폼 이동중, 조립철근과 부딪혀 철근이 무너져 작업자의 깔림",0,철근 49ton 고재처리,º 라이닝 폼 이동작업 관리강화º 라이닝폼 이동구간 상부철근과 이격거리 추가 확보º 처짐방지용 앵커 설치 구간 결속 보강방안 수립,"터널라이닝폼 조립 후 라이닝폼 이동중 터널 기조립된 라이닝철근에 라이닝폼 충돌, 끼임발생으로 작업중단 명령에따라 폼 이동작업을 중단한 상태에서 철수를위해 자재정리 등 차량주변에서 공도구를 적재함에 상차중 기조립된 철근이 무너지면서 깔림",16:10 ~15 철근 추락(3명 깔림) (최초발견자 : 공동구 기계타설 작업자)16:17 작업자 구조(철근팀) / 119 구조요청16:25 119구급대 비암터널 종점 도착16:35 지하환기소 119구급대 도착 및 구조실시16:40 작업자 구조실시 17:20 ~ 30 구급차 3대 순차 출발(의정부 성모병원),"라이닝 폼 이동작업 관리강화 º 위험작업 시 작업지휘자 작업 종료시까지 이탈 절대 금지 º 위험작업에 대한 시공계획 작성 검토 등 관리강화
- 폼 이동작업에 대한 시공계획 승인 후 시행
- 바닥면 깎기 및 평탄화 작업을 통한 상부여유폭 확보"
TA-0205,도로터널,끼임,부재,철골부재,준비작업,시공오류,안전수칙 미준수,통제구역 출입,라이닝폼 레일 이동을 위한 침목과 레일 분리 작업중 작업을 인지하지 못한 근로자의 접근으로 인하여 근로자의 왼쪽 발 위로 레일이 떨어짐,0,피해 없음,근로자 대상 작업 방법 에 관한 교육 실시 및 재발방지 대책 마련 예정,완산터널 2구간(장수sta.46+039)본선 라이닝폼 셋팅 작업을 위한 레일 이동중 침목 위헤 레일이 전도되어 발생한 사고임.,근로자 병원 이송,작업 간 통제구역 출입 금지 조치 및 근로자 교육 시행
TA-0206,도로터널,부딪힘,가시설,기타 가시설,준비작업,시공오류,안전수칙 미준수,작업자 부주의,"작업자 주변상황 파악 및 작업자 간 의사소통 미흡, 장비 및 인력 혼재작업시 안전관리 부주의 등",0,피해 없음,"사고원인 조사 및 근로자 교육 사례전파, 위험성 평가 반영 등","2023.07.24.(월) 21:00경적치(이격거리 미확보) 상태가 미흡한 지보재를 차징카와 인력으로 이격 작업 중 지보재 흔들림으로 인한 재해자 옆구리 타격 (터널공, 차징카조작원 의사소통 미흡)",사고발생 > 양평병원 이송 및 CT촬영 > 정밀검사 > 주거지 주변 병원 요양 중,"근로자 자재 하역/보관 재교육, 자재 인양 및 하역 작업시 관리감독자 통제하에 시행, 관리감독자 현장 점검시 자재 적치 상태 확인, 위험성평가 재실시"
TA-0207,철도터널,넘어짐,가시설,작업발판,해체작업,시공오류,안전수칙 미준수,작업자 부주의,부주의,0,피해 없음,안전조치 교육 등,"23.08.07 11시경 506정거장에서 찬넬 해체작업 종료 후, 사다리 상부 고정로프를 풀고 내려오면서 바닥에 발을 딪는 순간 사다리가 넘어지며 같이 넘어져 오른쪽 발목 부위에 타박상 발생",작업자 안전조치,작업자 안전교육 등
TA-0208,철도터널,끼임,건설자재,자재,쌓기작업,시공오류,안전수칙 미준수,작업자 부주의,작업자 부주의,0,피해 없음,안전교육 등,506정거장에서 마대에 담겨있는 콘크리트 잔재물 마대를 빼내려다 밑에 있는 콘크리트 잔재물 마대가 우측 발등으로 떨어짐,안전교육 등,작업자 안전교육 등
TA-0209,철도터널,찔림,건설자재,철근,타설작업,시공오류,안전수칙 미준수,작업자 부주의,작업자 휴게실외 지역(철근다발)에 앉아있다가 일어나면서 철근결속 반생에 찔림,0,피해 없음,작업자 안전교육 실시,TBM을 하기 위하여 대기 중인 재해자가 철근 다발에 앉아 있다가 일어서는 과정에서 철근 다발 결속된 반생(10)에 왼쪽 고환부 찔림,응급실 이동 및 수술,작업자 안전관리교육 실시
TA-0210,지하차도,"절단, 베임",건설자재,철근,설치작업,시공오류,안전수칙 미준수,작업자 부주의,철근 경속 작업중 주의 태만,0,피해 없음,재발방지대책회의 실시,"2023.08.15.(화) 오전 11시 경 수로암거 이설 구간(여의도방향) 작업장에서 우원개발 소속 재해자(철근공)가 수평 철근(Ø19mm, L=2.0m) 결속을 위해 철근을 들어 올리던 중 놓쳐서 떨어지던 철근 끝에 오른손목 상부를 약 2cm를 베임 사고임.","- 홍익병원(산재지정병원) 응급조치
- 마포구 서울연세병후송,봉합수술완료 및 항생제 치료","- 철근공 투입시 재발방지교육실시
- 철근공 팔토시 지급하여 긁힘 베임사고 예방"
TA-0211,기타,떨어짐,가시설,작업발판,형틀 및 목공,시공오류,안전환경 미제공,안전발판 설치 미흡,기설치된 상하이동통로가 있었으나 설치가 미흡했고 작업자의 무리한 행동이 복합적으로 발생,0,물적피해 해당없음,"관리감독자 및 작업자 특별안전교육실시, 정기현장점검 실시","다산신도시 별내선 지하연결통로 건설공사 현장에서 2023년 8월 25일 오후 3시경 형틀공 최창엽이 구조물 5-BLOCK 2단 벽체 거푸집 조립을 위해 설치한 시스템비계(발판설치)에서 작업을 끝내고 외부로 내려오던 중 발이 미끄러져 약
1. 8m 아래로 추락하는 재해를 당함.","15:00경 사고발생, 15:10 병원이송, 17:00 건설사고신고 / 사고조사","관리감독자 및 작업자 특별안전교육실시, 발판위 자재적치금지 및 작업후 즉시 정리정돈 실시"
TA-0212,도로터널,넘어짐,가시설,거푸집,설치작업,시공오류,안전수칙 미준수,작업자 부주의,신원1터널 라이닝 콘크리트 타설전 스피커용 Pull BoX가 틀어지지 않도록 라이닝거푸집에 고정작업을 하던 중 철선이 파단되면서 작업자가 넘어짐,0,피해 없음,위험성평가 반영 및 재발방지대책 마련,신원1터널 라이닝 콘크리트 타설전 스피커용 Pull BoX가 틀어지지 않도록 라이닝거푸집에 고정작업을 하던 중 철선이 파단되면서 작업자가 넘어짐,"08:30 사고발생08:50 거창적십자병원 도착 및 X-ray , C/T 촬영14:00 시외버스이동(인천, 자택)",라이닝폼 내부 생명줄 설치 후 안전고리 체결
TA-0213,철도터널,넘어짐,가시설,가설계단,이동,시공오류,안전수칙 미준수,작업자의 불안전한 행동,발을 헛디딤,0,피해 없음,작업자 불안전한 행동에 대한 안전교육 실시,"2023.08.30.(수) 08:30분경 GTX-A2공구현장 주출입수직구 입구계단에서 재해자가 수직구 하부로 이동하던 중, 계단 끝단으로 발을 헛디뎌 좌측 발목이 바깥쪽에서 안쪽으로 접질림",작업자 불안전한 행동에 대한 안전교육 실시,작업자 불안전한 행동에 대한 안전교육 철저
TA-0214,기타,떨어짐,건설자재,선라이트,해체작업,시공오류,안전수칙 미준수,작업자의 불안전한 행동,안전대부착설비(안전로프)가 설치되었으나 작업자가 안전고리 체결을 하지 않은 상태로 이동 중에 상부방음판이 파손되어 추락,1,공사 물적피해 없음,공사관리관 현장점검 실시 등,일용직 근로자가 9/6 09:40분경 부용방음터널 상부방음판 철거 작업 중 안전고리를 체결하지 않은체 방음판을 밟자 파단되어 도로 포장면으로 추락하여 치료중 사망,"9/6 09:40 작업자 추락, 09:45 119 사고신고, 09:55 구급차 도착 및 환자 이송, 10:10 의정부 성모병원 도착, 12:00 근로자 사망판정, 9/7 10:30 국토안전관리원, 서울국토청 및 의정부국토 초기현장조사 실시","안전사고 발생에 따라 재발방지를 위한 공문 발송, 현장 내 추락방호망 전구간 설치(사고 당시 2,3차로 설치, 1차로 미설치) 및 특별안전교육 실시 등"
TA-0215,기타,부딪힘,건설기계,천공기,정비작업,시공오류,안전수칙 미준수,작업자 부주의,"점보드릴 장비의 타이어교체 작업중 교체용 타이어를 인력으로 굴려 운반중에 타이어가 넘어져 운반작업중이던 근로자의 종아리에 맞음.(타이어 직경
1. 4m, 무제 240kg)",0,피해 없음,지속적인 안전관리 및 교육 철저,9월21일 17시경 염치1터널 점보드릴 장비의 타이어교체 작업을 위해 교체용 타이어를 인력으로 굴려 운반중 타이어가 넘어져 보조작업자(재해자)의 오른족 종아리부위에 부딪힘,즉시 병원 후송(재해자 통증에 따라 병원 이송),지속적인 안전관리 및 교육 철저
TA-0216,도로터널,물체에 맞음,건설공구,공구류,천공작업,시공오류,안전수칙 미준수,작업자 부주의,"해당 작업에 대한 근로자의 경험 부족, 작업 간 무리한 작업 진행",0,피해 없음,해당 공종 작업 시 안전교육 철저,"23년 10월 5일 14시 30분경 익산방향 제트펜 상부 철근 처짐방지 앙카설치작업, 함마드릴 천공 작업중 부직포가 드릴 비트에 말려서 함마드릴 몸체 손잡이가 돌면서 오른쪽 손등 타격(오른쪽 손등 골절) * 산업재해조사표 제출예정","10월 5일 사고발생 16시경 인근 병원 진료, 10월 6일 타 병원 진료(오른쪽 4번째 손가락 중수골 복합골절 4주 진단)","수공구 작업 간 작업방법 및 순서 등 근로자 숙지 후 작업투입 실시, 무리한 작업 진행 금지, 해당 작업 투입 전 TBM 및 정기교육 시 위험요인 파악, 안전대책 수립 및 전파 반영"
TA-0217,철도터널,물체에 맞음,건설자재,자재,양중작업,시공오류,안전수칙 미준수,신호수 통제 미이행,"하역작업 전 신호수와 크레인 운전원 간 하역장소에 대한 소통 차질, 신호수의 신호 위치 부적정",0,피해 없음,"신호방법 및 하역작업 시 주의사항 교육, 지상에서 지하로 자재 하역 시 현장 상황에 맞게 신호수 2명 배치 등","차량기지 구조물 작업 중 2번 게이트 복공 상부에서 크레인 셋팅 후 자재(플랫타이, 면목)을 파레트 위에 놓고 줄걸이 작업을 하고 크레인을 대기 상태였습니다. 복공 상부에 있던 신호수가 하부로 내려가 카고크레인에 좌측으로 스윙하라고 무전을 하였으나 카고크레인 기사가 착각을 하여 우측으로 스윙였습니다. 하부에 있던 신호수는 카고크레인이 우측 스윙 상태가 보이지 않아, 자재를 내리라고 신호를 하여 내리던 중 시스템 동바리 상부에 파레트가 걸려 하부에서 동바리 작업을 하던 재해자에게 떨어져 발생한 재해","수술 완료, 현재 회복중","신호방법 및 하역작업 시 주의사항 교육, 지상에서 지하로 자재 하역 시 현장 상황에 맞게 신호수 2명 배치 등"
TA-0218,지하차도,끼임,가시설,기타 가시설,조립작업,시공오류,안전수칙 미준수,작업자 부주의,작업자 부주의,0,피해 없음,"협착방지에 적합한 보호구 선정 및 근로자 착용 지도, 특별안전교육 실시, 안전수칙 준수, 작업환경 개선을 위한 장비 및 보호구 정기점검 실시 예정",축류팬실 하반 좌측 강지보 조립하던 중 볼트체결을 위하여 상 하 지보를 맞추는 과정에서 왼손 엄지손가락 협착,근로자 응급저치 후 전원조치 완료,"협착방지에 적합한 보호구 선정 및 근로자 착용 지도, 특별안전교육 실시, 안전수칙 준수, 작업환경 개선을 위한 장비 및 보호구 정기점검 철저 등"
TA-0219,도로터널,부딪힘,건설자재,자재,운반작업,시공오류,안전수칙 미준수,작업자 부주의,"- 터널 타일붙임을 한 후 타일메지 작업을 위해 작업자가 포대시멘트를 들어서 운반하던 중 바닥에 깔려있던 비닐로 인해 미끄러지면서 상체가 터널 공동구 벽체에 부딪치면서 갈비뼈 9, 10번이 골절되는 사고가 발생함.
- 근로자나 장비 등이 작업하는 작업장 주변은 정리정돈이 철저히 되어야 하나, 타일메지용 포대시멘트를 바닥에 적재할 때 습기 등으로부터 보호하기 위해 일반적으로 비닐을 깐 후 적재하고 있으나 비닐이 과도하게 포설되어 있었던 것으로 사료됨
- 또한, 재해자는 이를 감안하여 운반 등을 하여야 하나 부주의하게 깔려있는 비닐 위로 운반,이동하면서 중심이 흔들려 터널 공동구 벽체에 부딪치는 사고 원인이 되었음",0,피해 없음,"- 안전사고 사례 전파
- 작업장 정리정돈 철저 및 운반 작업 시 주의 철저 교육 실시",2023.10.23일(월) 07:00경 수동터널(포천방향) 시점부 약 70m지점의 터널 타일 작업을 위해 재해자가 포대시멘트를 들어서 옮기던 중 바닥에 있는비닐을 밟아 미끄러지면서 공동구 벽체에 상체가 부딪치면서 갈비뼈가 골절된 사고가 발생하였음,"23.10.23. 07:00경경 사고 발생23.10.23. 07:30분경 현대병원 도착 및 X-ray, CT 검사23.10.23. 15:00분 현재 병원 입원중이며 담당의사 면담 예정","- 안전사고 사례 전파
- 작업장 주변 정리정돈 철저 교육 실시"
TA-0220,철도터널,떨어짐,건설자재,체인블럭,해체작업,시공오류,시공계획 미준수,작업순서 미준수,수직구 E/V PIT 내부벽체 강재거푸집 해체 작업을 위해 상부 가시설 빔에 체인블럭을 고정한 상태에서 인상 작업을 진행 하던 중 고정되어 있던 체인블럭의 장력이 느슨해지면서 강재폼이 하부로 미끄럼지면서 작업발판내 위치한 근로자가 바닥에 부딪힘,0,피해 없음,재발방지대책 수립하여 동종재해가 발생되지 않도록 특별안전교육 및 안전점검 실시,연신내정거장 주출입수직구(STA 23km508) E/V PIT 내부벽체 강재거푸집(작업발판 일체형)을 잡고 있는 체인블럭이 느슨해지면서 폼이 외부벽체에서 미끄러짐(근로자 E/V 내부벽체 작업발판에 위치 함),강재거푸집 해체 작업중지 및 부상자 병원진료,"수직구 E/V PIT 내부벽체 강재거푸집 해체 작업시 1차 와이어로프로 고정하여 거푸집이 낙하되지 않도록 하고, 체인블럭의 장력이 감소되지 않도록 사용전 안전검사 및 신품으로 교체하여 작업 실시"
TA-0221,철도터널,넘어짐,기타,기타,이동,시공오류,안전수칙 미준수,작업자의 불안전한 행동,발을 헛디딤,0,피해 없음,작업자 불안전한 행동에 대한 안전교육 실시,2023.10.25(수)14:00분경 GTX-A1공구현장 0번환기구 하부에서 재해자가 방수작업을 위하여 청소를 하며 이동중 경사진 바닥을 밟고 중심을 잃고 넘어져 촤측 발목이 접질림,작업자 불안전한 행동에 대한 안전교육 실시,작업자 불안전한 행동에 대한 안전교육 실시
TA-0222,도로터널,화재,가시설,흙막이가시설,설치작업,시공오류,안전수칙 미준수,작업자 부주의,안전조치 미흡,0,피해 없음,"작업전 안전교육, 안전관리자 지정 배치",2023년 10월 26일(목요일) 오후 14:20분경 가시설 공사구간(STA.0+340)에서 경사버팀보 중앙Pile 보강용 브레이싱 용접 작업중 불티가 산소호스에 옮겨붙어 착화발생.(오른쪽 허벅지 화상),재해자 거주지 인근병원 이송후 치료,토치로부터 5m이내 호스는 석면테이프로 감아서 발화되지 않도록 조치
TA-0223,기타,끼임,기타,기타,설치작업,시공오류,기계장비관리 미흡,설치·해체과정 관리 미흡,세그먼트를 세그먼트 피더에 욺기는 작업중 세그먼트 반동에 의해 세그먼트와 세그먼트 피더 스토퍼 사이에 손가락 협착,0,피해 없음,작업자 안전사고 예방교육 및 안전관리 책임자 현장 순회 추가 실시,2023. 10. 30. 20:15 경 해저송수관로 Shield TBM 터널 내부에서 세그먼트 운반중 새끼손가락 협착사고발생,사고직후 사고자 이송 및 응급치료,작업자 안전사고 예방교육 및 안전관리 책임자 현장 순회 추가 실시
TA-0224,기타,떨어짐,시설물,방음벽,해체작업,시공오류,안전수칙 미준수,작업자 부주의,작업대차 이외 공간 밟음,1,현재 사고 조사 중,사고 추가 조사 실시,동춘터널 상부 공사중 작업대차 이외 공간을 밟아 추락,자체사고조사 후 조치예정,현장 정리 후 일시 작업중지
TA-0225,철도터널,끼임,기타,작업대차,타설작업,시공오류,안전수칙 미준수,작업자 부주의,트로리에 의한 손가락 끼임,0,피해 없음,트로리 협착 가능부분 고무밴드 및 EVA폼 부착하여 끼임사고 예방,트로리에 의한 손가락 끼임 협착사고,인근 안동병원 응급실로 이동 후 치료,트로리 협착 가능부분 고무밴드 및 EVA폼 부착하여 끼임사고 예방
TA-0226,철도터널,떨어짐,건설기계,콘크리트살포기,보수 및 교체작업,시공오류,안전수칙 미준수,작업자 부주의,"2023년 11월 18일 (토요일) 03시 10분 경 본선터널 1구간 시점부에서 숏크리트 머신 에어포스 파손으로 인한 교체를 위해 운전석 뒤쪽 장비 상부에 올라가 작업하는 과정에서
1. 5m 아래로 추락, 이후 상부로 인양하여 119를 통해 의정부 성모병원 후송.",0,피해 없음,"2023년 11월 20일 수술 예정, 2주 입원 치료 예상장비 작업 전 운전원 대상 사전 안전교육(승하강 교육) 철저위험성평가 추가 반영 및 전파","숏크리트 머신 에어호스 파손으로 인한 교체를 위해 운전석 뒤쪽 장비 상부에 올라가 작업 하는 과정에서
1. 5m 아래로 추락","사고 발생 후 119 신고하여 가톨릭대학교 의정부 성모병원으로 후송.검사 결과 왼쪽다리 정강이뼈 골절 진단.2023년 11월 20일 수술예정이며, 2주 입원 치료 예상.",장비 작업 전 운전원 대상 사전 안전교육(승하강 교육) 철저위험성평가 추가 반영 및 전파
TA-0227,도로터널,떨어짐,건설기계,특수건설기계,장약 및 발파작업,시공오류,안전수칙 미준수,작업자 부주의,재해자가 차징카에서 내려온 것을 확인하지 않고 운전자가 조작하다가 발을 헛딛으면서 바닥으로 넘어짐,0,피해 없음,"1. 작업시 관리감독자 상주 여부 확인
2. 바스켓 조작 운전원에 대한 특별안전교육 및 T.B.M 안전교육 실시 확인
3. 근로자의 불안전한 행동으로 인한 사고 위험성에 대한 교육 실시 확인",지곡터널 내 하부 장약작업을 위해 차징카(고소작업차) 상부에서 하부로 바스켓을 타고 내려오면서 바닥에 닿인 순간 재해자가 내리려고 하던 찰나 운전석에서 바스켓 내부에 있는 재해자를 미처 확인하지 못하고 레버를 조작하다 바스켓이 순간 움직여 재해자가 바닥으로 떨어지면서 늑골부위 골절상,23.11.18 04:30 사고발생'23.11.18 05:30 함양군 성심병원으로 이송 후 X-Ray 촬영,"1. 관리감독자 상주하여 근로자의 불안전한 행동 통제
2. 바스켓 조작 운전원에 대한 특별안전교육 및 T.B.M 안전교육 실시
3. 근로자의 불안전한 행동으로 인한 사고 위험성에 대한 교육 실시"
TA-0228,지하차도,물체에 맞음,건설자재,자재,상차 및 하역작업,시공오류,안전수칙 미준수,작업자 부주의,작업자 부주의,0,피해 없음,근로자 안전교육 실시,백호로 강관다단 하역 중 자재에 맞음,입원조치,근로자 안전교육 실시
TA-0229,도로터널,끼임,가시설,거푸집,설치작업,시공오류,안전수칙 미준수,작업자 부주의,작업자의 부주의로 솔그라인더 회전체에 장갑 끼임,0,피해 없음,작업자 특별 안전교육,주덕터얼 면벽 설치용 라이닝거푸집 면정리를 하기 위해 솔그라인더를 사용중 장갑이 말려 들어가면서 왼쪽 새끼손가락이 골절됨.,"발생 즉시 병원 내원, 방사선검사 결과 골절 확인 후 부목 고정",작업자 특별 안전교육 실시
TA-0230,지하차도,넘어짐,가시설,작업발판,조립작업,시공오류,안전환경 미제공,안전발판 설치 미흡,계단해체작업중 통제원 미배치,0,피해 없음,재발방지대책회의 실시,2023.12.07.(목) 오전 10시 50분경 지하차도 구조물 23 Span 기초 하부 철근 조립장에서 재해자(철근공)가 철근조립을 위해 이동 중 계단 재 설치를 위해 해체중인 이동식 계단(높이1.5m)을 밟아 중심을 잃으면서 계단발판에 우측 정강이가 접촉되어 피부가 찢어짐,"- 당일 홍익병원(산재지정병원) 응급조치
- X-Ray촬영결과 골절아닌 것으로 판독,봉합수술 치료","- 임시계단 넘어짐 주의표시 표지판게시
- 임시계단 설치 및 철거작업장 출입통제요원 배치하여 전도사고예방"
TA-0231,도로터널,떨어짐,시설물,방음벽,조립작업,시공오류,안전수칙 미준수,작업자 부주의,안전벨트를 생명줄 고리에서 해체 후 판을 발로 밟는 과정에서 판이 비틀려 그 공간으로 추락함,0,피해 없음,"아침 조회 시 올바른 작업방법 및 안전작업 수칙 준수 교육, 작업복장 및 개인보호구 올바르게 착용 후 작업실시, 공사책임자 지도하에 작업실시 및 공사 관리감독자 현장 순회점검 강화",2023년 12월 10일 오전 10시경 삼가방향(상행선) 방음판위 벨마우스(터널입구) 우측 60m지점 가장자리(물받이쪽)에서 구 방음판 제거 후 신 방음판으로 교체작업 중이던 재해자가 교체된 방음판을 발로 차서 고정하던 중 방음판과 함께 도로로 추락한 사고임,"작업 상대자가 즉시 현장소장에게 통보하고, 국도42호선 노견에 추락 후 피해자 스스로 안전지대로 대피하여 즉시 병원으로 이송 하였음","아침 조회 시 올바른 작업방법 및 아�∃ㅐ訪� 수칙 준수 교육, 작업복장 및 개인보호구 올바르게 착용 후 작업실시, 공사책임자 지도하에 작업실시 및 공사 관리감독자 현장 순회점검 강화"
TA-0232,도로터널,물체에 맞음,기타,기타,운반작업,시공오류,안전환경 미제공,위험정보 미제공,라이닝철근 받침용 목재를 터널 입구에서 안쪽 현장까지 현장 작업자가 수레 운반하는 과정 받침용 목재 외 수레 운반에 부적합한 긴 목재를 가지고 운반하다가 터널 중간에서 손수레가 전도 됨으로 인해 터널 지면 왼쪽 바닥으로 넘어졌고 튀어오른 목재가 왼쪽 눈밑을 타격함,0,피해 없음,재발 방지대책 이행 사항에 대한 현장 수시 점검,2023년 12월 14일 13시 30분경 재해자(임OO)이 라이닝폼 철근 배열을 위해 철근 하부 목재(철근 받침용)을 이동식 손수레에 옮겨 이동하는 과정에서 이동식 손수레가 쓰러지며 목재가 위로 튀어오며 재해자의 왼쪽 눈 아랫부분에 맞음,"13:30 사고발생, 14:00 병원이송","소자재 운반에 관한 교육실시, 장척물 자재는 장비를 사용하여 운반 대체 실시"
TA-0233,도로터널,찔림,가시설,거푸집,해체작업,시공오류,안전수칙 미준수,작업자 부주의,터널 공동구덮개 거푸집 해체작업중 구조물(덮개)와 거푸집이 하부로 떨어지면서 좌측 발등사이로 철선에 찔려서 발생,0,피해 없음,"공사 중 안전관리확보를 위한 안전교육강화 시행, 동일한 사고가 발생하지 않도록 안전점검 철저 조치",2023년 12월 20일 오전 8시경 말골재 터널내 공동구 덮개를 매일매일 거푸집을 설치하고 콘크리트를 타설후 다음날 거푸집을 해체해서 다시 제작하는 과정에서 무게를 견디지 못하고 재해자 발등에 떨어지면서 안전화를 뚫고 발등에 철선이 관통해 발생한 부상임.,"사고발생 12월20일 08:30 , 병원이송 09:00 , 퇴원 24년1월19일",사고내용 등을 근로자에게 전파하여 경각심 제고 및 작업전 안전교육실시 및 보고체계 등 안전관련 매뉴얼 숙지
TA-0234,철도터널,넘어짐,건설자재,자재,이동,시공오류,안전수칙 미준수,작업자 부주의,잠수사가 장비 착용 후 사다리에서 플로팅 발판(플라스틱재질)으로 이동중 왼쪽발로 플로팅 발판을 딛는 순간 미끄러지면서 오른쪽 발이 사다리 답단 사이로 빠져 넘어진 사고임.,0,피해 없음,"재발사고 방지를 위한 안전교육 실시, 작업자 이동통로 재 점검 후 안전조치","잠수사(OO氏)가 잠수장비 착용 후 사다리를 이용 하부로 이동,사다리에서 플로팅 발판(플라스틱재질)으로 이동중 왼쪽발로 플로팅 발판을 딛는 순간 미끄러지면서 오른쪽 발이 사다리 답단 사이로 빠져 넘어진 사고임.(사고이후 잠수 및 잔여작업 정상 수행후 퇴근하였으나, 통증이 심해 당 사로 사고사실을 늦게 알려옴)",작업자 이동 통로 변경,"재발사고 방지를 위한 안전교육 실시, 작업자 이동통로 재 점검 후 안전조치"
TA-0235,철도터널,끼임,건설자재,볼트,운반작업,시공오류,안전수칙 미준수,작업자 부주의,부주의,0,피해 없음,안전교육 실시,"12월 30일(토) 15시 35분경, 본선 개착부 지하 작업 구간에서 앵글 보강 브레이싱 작업을 위해 앵글 운반 과정에서 U 볼트에 앵글이 걸려 튀는 순간 앵글과 U 볼트 사이 왼쪽 손 소지 끝부분이 협착되는 사고 발생",병원이송 및 발주청 신고,재발방지 대책 마련 및 안전교육 실시
TA-0236,기타,물체에 맞음,건설자재,자재,설치작업,시공오류,안전수칙 미준수,작업자 부주의,헌치폼 설치 작업 중 발이 미끄러져 설치중이던 헌치폼이 어깨부위를 타격,0,피해 없음,비계 등 안전보호시설 설치 철저 및 안전교육 실시,"2024년 01월 06일 09시10분경 시점부 개착식전력구에서 헌치폼 설치를 위해 헌치폼을 머리위로 들어올리던중발이 미끄러져 머리위로 들고있던 헌치폼이 어깨부위를 타격함사고 즉시 지정병원인 다보스병원에서 진료를 받은 결과 이상소견이 없고, 이틀 휴식 후인 01월 09일부터 정상 근무 하였으나 01월 17일 근로자(권OO)가 통증을 호소하며 산재처리를 요구함","사고 즉시 인근병원 진료 , 진료 결과 이상소견 없음","사고사례전파 민 안전교육 실시, 비계 등 안전시설 설치 후 작업 실시"
TA-0237,도로터널,넘어짐,기타,기타,정리작업,시공오류,안전수칙 미준수,작업자 부주의,포대시멘트 자재 정리를 하던 재해자가 미끄러지며 넘어짐,0,물적 피해 없음,"1. 터널 내부 근로자 이동구간 미끄럼 방지 작업 및 주변 정리정돈 철저
2. 동절기 아침조회 시 충분한 스트레칭을 실시하여 근골격계 사고 예방
3. 터널 내 조명시설 굴착 진행에 따른 적기 설치
4. 주기적인 근로자 교육을 통한 불안전한 행동 방지 철저",2024년 1월 10일(수) 오전 8시 30분경 소구경강관보강그라우팅 주입재(포대시멘트) 자재정리를 하던 재해자가 미끄러져 손목을 짚고 넘어지며 손목 미세골절 및 코골절 발생,"1. 08:30 : 재해발생 및 재해자 목포 중앙병원 이동
2. 09:00 : 목포 중앙병원 응급실 도착 후 X-RAY, CT촬영 및 손목 반깁스 치료 실시
3. 11:00 : 코부위 부상 진단을 위해 응급실에서 이비인후과로 이동
4. 12:30 : 코 외부 상처 부위 봉합치료 실시
5. 13:30 : 재해자 퇴원 및 귀가 조치 (코 외부 상처 안정화 후 골절에 대한 후속 치료 예정)","1. 터널 내부 근로자 이동구간 미끄럼 방지 작업 및 주변 정리정돈 철저
2. 동절기 아침조회 시 충분한 스트레칭을 실시하여 근골격계 사고 예방
3. 터널 내 조명시설 굴착 진행에 따른 적기 설치
4. 주기적인 근로자 교육을 통한 불안전한 행동 방지 철저"
TA-0238,도로터널,넘어짐,기타,기타,설비작업,시공오류,안전수칙 미준수,작업자 부주의,사다리에 올라가려다 안전화 바닥에 묻은 진흙으로 인하여 미끄러져 넘어짐,0,물적피해 없음,"[위험성평가]
1. 강설 후 미끄러짐에 대한 대책 수립 실시
2. 근로자 안전대책 교육 후 작업 투입
[작업방법 및 자재]
1. 틀비계 등의 작업대 사용
2. 승강시설은 미끄럼 방지조치(논슬립 테이프) 실시",2024년 1월 26일 오전10시경 재해자가 터널 종점부 B/P장 물탱크 열선 설치 작업을 위하여 사다리에 올라가려다 안전화 바닥에 묻은 진흙으로 인하여 미끄러져 넘어짐,"1. 10:00 : 재해발생
2. 10:08 : 재해자 파트너사 현장사무실 이동(달리도)
3. 10:40 : 재해자 목포 중앙병원으로 이동 (달리도 → 목포시 북항)
4. 11:30 : 재해자 목포 중앙병원 도착
5. 12:00 : X-Ray 촬영 결과 왼쪽 발뒤꿈치 골절
6. 13:00 : CT 촬영 실시
7. 14:00 : 목포중앙병원 입원 조치","[위험성평가]
1. 강설 후 미끄러짐에 대한 대책 수립 실시
2. 근로자 안전대책 교육 후 작업 투입
[작업방법 및 자재]
1. 틀비계 등의 작업대 사용
2. 승강시설은 미끄럼 방지조치(논슬립 테이프) 실시"
TA-0239,철도터널,끼임,부재,배관,설치작업,시공오류,안전수칙 미준수,작업자의 불안전한 행동,배관 결합시 수신호 불일치 및 접속구간에 손 위치,0,피해 없음,산업재해조사표 제출,G-TBM 후방 부속설비 급수배관(6m*125mm) 연장 작업 중 배관을 잡고 있던 오른쪽 새끼 손가락이 배관 사이 끼임(협착),"- 02/15(목) 23:45 : TBM 후방 부속설비 급수배관(6m*125mm) 연장 작업 중 배관을 잡고 있던 오른쪽 새끼 손가락이 배관 사이 끼임(협착)
- 02/16(금) 00:10 : 세란병원 도착, 응급조치 01:00 : 서울연세병원 이동하여 입원 07:00 : 현재 병원 입원 중 금일 봉합수술","- 급수배관 결합시 호각 신호
- 급수배관에 잡는 손 위치 표시
- 협착/끼임 위험 안내표지 설치 / 위험 인식
- 위험성평가 등급 상향"
TA-0240,철도터널,물체에 맞음,토사 및 암반,터널 막장면,확인 및 점검작업,시공오류,시공불량,시공품질 미확보,"용출수 과다에 따른 막장면 불량으로, 숏크리트 마감부 암석 탈락",0,피해 없음,"- 안전교육 실시
- 재발방지대책 이행 점검
- 추가 안전관리 발굴",막장면 천공 후 천공홀 확인 및 정리하는 도중 막장면 암석 일부가 떨어져 재해자 왼발에 맞음,"- 03:54 : 사고 발생(낙반)
- 04:15 : 근로자 지상부 이동 및 환복
- 04:40 : 병원 이송(시흥 신천연합병원 응급실)
- 05:00 : 병원 도착 및 X-ray 촬영
- 06:10 : 병원 진료 결과 확인 (X-Ray 결과 : 왼쪽 발 뒷꿈치 및 정강이뼈 골절)
- 06:30 : CT촬영 및 검사 시행","- 막장면 육안관찰 및 부석제거 전 근로자 출입통제 철저
- 막장면 근로자 투입 시 차징카 방호덮개 설치 등 낙석 보호조치 철저
- 막장면 근로자 단독/임의 행동 금지를 위한 교육 및 관리 강화"
TA-0241,도로터널,부딪힘,건설자재,철근,운반작업,시공오류,안전수칙 미준수,작업자 부주의,작업자 부주의,0,피해 없음,근로자 교육,화물차에 있는 철근자재 하역을 위하여 카고크레인으로 인양 중 철근이 재해자 좌측발목을 타격함,사고발생 10:30 / 환자이송 11:00 / 병원도착 11:30(x-ray 이상없음) / 병원재방문 18:00 (ct 미세골절) /,"근로자 교육, 작업지휘자 및 신호수 배치"
TA-0242,철도터널,넘어짐,가시설,작업발판,정리작업,시공오류,안전수칙 미준수,작업자 부주의,작업 완료 후 철수하는 과정에서 미끄러져 넘어지며 주변 강재(앵글)에 왼쪽 무릎이 부딪힘,0,피해 없음,유사사례 재발을 위한 안전교육 실시 및 관리감독 강화,2024년03월04일 14시00분경 통신선로 인상작업 중 시스템비계 상부에서 토류판을 옮기는 작업을 완료 후 철수해서 나오던 중 토사가 묻어있는 작업발판에서 미끄러지며 중심을 잃고 넘어져 주변 강재에 부딪힘,"▷ 03월 04일 14:00
- 사고 발생▷ 03월 04일 14:20
- 사업장 주변 서부산 센텀병원 도보 이동 치료 및 x-ray 촬영결과 골절소견 없음▷ 03월 04일 18:00
- 동료들과 저녁식사 후 반주 후 귀가, 휴식 중 다리불편 인지▷ 03월 05일 07:30
- 출근하여 반장에게 다리불편 사항 전달▷ 03월 05일 09:00
- 서부산 센텀병원 도보 이동, mri 촬영 왼쪽무름 인대파열 확인▷ 03월 05일 10:00
- 통신 박OO반장, sk 안전 배OO 팀장에게 사고보고, 사고인지 후 사고조사 실시▷ 03월 07일
- 센텀병원 요양급여신청서 제출, 고용노동부에 산업재해조사표 제출","1) 작업지점 조명 추가설치 조도 확보
2) 통신선로에서 낙토된 뻘 등으로 인한 미끄러움 물청소 제거 지속 실시
3) 작업구역 주변 부딪힘 위험물 보온재 커버 설치 충격완화조치 실시
4) 유해위험 고종 작업전 위험요인 안전보건교육 강화"
TA-0243,철도터널,끼임,건설자재,자재,운반작업,시공오류,안전수칙 미준수,작업자 부주의,작업자 부주의,0,물적 피해없음,안전교육 등으로 재발방지,작업구에서 띠장(H-BEAM) 자재를 카고크레인을 사용하여 하역작업 중 띠장과 안전난간대 사이 손가락 협착,응급실 도착 후 응급조치,안전교육 등
TA-0244,기타,떨어짐,건설기계,기중기(이동식크레인 등),운반작업,시공오류,안전수칙 미준수,작업자 부주의,카고크레인로 중량물(시트파일) 인양작업 시 적재함에서(인양작업 반경 내) 관계근로자의 불안정한 작업수행 중 추락,0,우측 쇄골 간부 분쇄 골절,"중량물작업 절차개선, 보호장비 보강 등 추진",재해자(OO)가 카고크레인 위에서 자재 (쉬트파일 7M) 상차작업 중 카코크레인 적재함위에서 자재가 내려오는 것을 확인하면서 뒷걸음질 치다가 차량 적재함(1.8M높이) 후미로 떨어진 재해,사고발생 보고 및 부상자 병원 이송 후 치료,"중량물작업 절차개선, 보호장비 보강 등 추진"
TA-0245,철도터널,부딪힘,가시설,기타 가시설,인양작업,시공오류,안전수칙 미준수,신호수 통제 미이행,장비와 작업자간 신호 체계상 오류로 인해 발생,0,피해 없음,작업장 신호체계에 관한 특별안전교육실시,시트파일 조립 작업장에서 재해자가 시트파일 운반을 위해 인양 하던 중 반동에 의해 무릎을 타격한 사고,"[3/8(금)] 15:00 사고발생, 15:15 병원 방문, 17:00 귀가 [3/9(토)] 10:00 병원 입원",장비와 작업자간 신호체계 확립
TA-0246,철도터널,물체에 맞음,기타,기타,해체작업,시공오류,안전수칙 미준수,작업자 통제 미흡,연신내정거장 주출입 수직구 지하7층 중앙파일 절단 작업 후 H빔 묶은 로프가 텐션을 받아 끊어져 가해자의 얼굴을 때린 재해로 H빔을 이동할 때 사용하는 로프가 끊어져서 발생함,0,피해 없음,-H빔 이동시 사용하는 로프가 끊어지는 상황이 발생하지 않도록 반입 후 유관검사와 상태확인 후 사용하고 일일 사용 후 텐션을 받는 자재 운반이나 결박용으로 사용하지 않고 폐기-H빔 이동시 묶음 거리보다 2배이상 이격하여 이동함-가시설공에 대한 자재운반 및 고정용 로프 사용에 대해 유의사항 및 안전교육 실시,연신내정거장 주출입 수직구 지하7층 중앙파일 절단 작업 후 H빔 묶은 로프가 텐션을 받아 끊어져 비래하여 주변 근로자 때린 상황임,외상 흔적은 없으나 얼굴이 부어 상부로 이동하여 청구성심병원으로 이동하여 X-ray 촬영 결과 코뼈 골절 의심 및 열상으로 약 처방 후 퇴원 명일 재검사하여 비골(코물렁뼈) 골절로 수술적 치료 예정,-H빔 이동시 사용하는 로프가 끊어지는 상황이 발생하지 않도록 반입 후 유관검사와 상태확인 후 사용하고 일일 사용 후 텐션을 받는 자재 운반이나 결박용으로 사용하지 않고 폐기-H빔 이동시 묶음 거리보다 2배이상 이격하여 이동함-가시설공에 대한 자재운반 및 고정용 로프 사용에 대해 유의사항 및 안전교육 실시
TA-0247,철도터널,넘어짐,건설기계,굴착기,해체작업,시공오류,사전검토 미흡,안전관리계획 수립 미흡,굴착기 트랙(고무재질)이 빠져 정비 진행(주변 굴착기를 이용하여 고무트랙을 굴착기 버켓으로 당김)중 해당 작업을 지원하던 재해자가 고무트랙이 굴착기 버켓에서 빠지자 순간 놀라서 중심을 잃고 넘어져 횡돌기 뼈 골절 발생 .,0,피해 없음,"장비는 정비는 외부 지정된 곳에서 실시하는 것으로 안전관리 절차수립 및 전파, 근로자 및 장비원 안전교육 실시 등",굴착기 트랙(고무재질)이 빠져 정비 진행(주변 굴착기를 이용하여 고무트랙을 굴착기 버켓으로 당김)중 해당 작업을 지원하던 재해자가 고무트랙이 굴착기 버켓에서 빠지자 순간 놀라서 중심을 잃고 넘어져 횡돌기 뼈 골절 발생 .,"재해자 긴급 병원 후송조치, 건설기계 작업반경 내 출입통제 및 특별 안전교육 실시 등","장비는 정비는 외부 지정된 곳에서 실시하는 것으로 안전관리 절차수립 및 전파, 근로자 및 장비원 안전교육 실시 등"
TA-0248,철도터널,부딪힘,기타,기타,준비작업,시공오류,안전수칙 미준수,신호수 통제 미이행,신호수 통제하였으나 작업자 임의 판단하에 위험구역으로 접근,0,피해 없음,신호체계 재확립 및 특별안전교육 실시,수직구 하부 집수정 기초철근 조립 작업장에서 철근 작업자가 하강하는 맨케이지에 부딪힘,"[3/11(월) 13:10 사고발생, 15:00 병원도착, 17:00 병원입원",신호수 신호체계 재확립 및 위험구역 작업자 접근 통제 철저
TA-0249,도로터널,부딪힘,건설공구,공구류,조립작업,시공오류,안전수칙 미준수,작업자 부주의,2024년 3월 27일 오전 10시 30분경 수직구 자재야작장에서 철근 절곡작업을 하던 재해자가 절곡기 본체 모서리에 왼쪽 손가락이 부딪힘,0,물적 피해 없음,"1. 작업전 TBM(Tool Box Meeting)시 철근 절곡작업 관련 안전교육 실시
2. 작업 전 공도구 상태 및 작업대 설치 점검 실시",2024년 3월 27일 오전 10시 30분경 수직구 자재야작장에서 철근 절곡작업을 하던 재해자가 절곡기 본체 모서리에 왼쪽 손가락이 부딪힘,"1. 2024.03.27 오전 10:30분 : 재해발생
2. 2024.03.27 오전 10:45분 : 재해자 화원면 제일 의원 이동 (상위병원 수술치료 필요 진단)
3. 2024.03.27 오전 11:45분 : 재해자 목포 중앙병원 도착 및 진료 시작","1. 작업전 TBM(Tool Box Meeting)시 철근 절곡작업 관련 안전교육 실시
2. 작업 전 공도구 상태 및 작업대 설치 점검 실시"
TA-0250,기타,부딪힘,가시설,거푸집,이동,시공오류,안전수칙 미준수,작업자 부주의,경운기 운전자 부주의 등,0,물적피해 해당없음(인적피해-근로자 갈비뼈 골절),재발방지를 위한 위험성평가 수정요청 및 건설현장 점검 강화 실시,경운기를 이용한 레미콘 소운반 도중 근로자 작동 미흡으로 인하여 거푸집(새들)에 부딪혀 갈비뼈 골절,병원진료,터널 내 조명 추가설치 및 사고사례 근거한 근로자 교육 실시
TA-0251,기타,끼임,기타,작업대차,반출작업,시공오류,안전수칙 미준수,작업자의 불안전한 행동,1톤 트럭 버럭 반출과정에서 반출되지 못하고 적재함 뒷문에 낀 버럭을 반출시키기 위해 뒷문을 들었으나 예상보다 무거워 뒷문을 놓으면서 손가락 끝이 적재함 하부면에 낌,0,손가락 부상으로 인한 피해발생(산재처리),안전교육 실시,버력처리 공종 진행 중 덤프트럭(1톤)이 운반해 온 버력을 내려놓는 과정에서 암석이 적재함 뒷문에 끼워져 피해자 김OO이 적재함 뒷문에 끼인 암석을 제거할려고 뒷문을 들다가 생각보다 뒷문이 무거워 뒷문을 놓면서 손을 빼내는 과정에 오른손 중지 손가락 약 1cm가 뒷문과 적재함 하부면에 끼이는 끼임사고 발생하였습니다.,사고즉시 병원이송 후 검사 및 치료 실시,신호수가 본인 업무 외 다른 업무를 하지 않도록 교육하고 손가락 끼임 등 작업자의 부주의로 인한 사고사례 및 예방대책에 대해서 교육 실시하겠음
TA-0252,도로터널,끼임,기타,차량,타설작업,시공오류,안전수칙 미준수,작업자 부주의,"차량 하차시 주차브레이크를 체결하여야 하나, 중립 기어 상태로 하차하여 차량 불시 이동에 관한 재해",0,피해 없음,해당 재해사례 타 공구 전파 및 근로자 교육 실시,비암터널(양주) 종점측 면벽 타설 준비를 위해 펌프카와 레미콘 차량의 충돌방지를 위한 스토퍼를 운반하던 트럭을 중립으로 정차해 두어 트럭이 경사로에서 펌프카 방향으로 미끄러져 내려감.이를 발견한 재해자가 트럭을 정차하고자 트럭에 탑승하던 중 트럭 왼쪽 문과 펌프카 아웃트리거가 충돌하여 문이 닫히며 재해자 왼쪽 손이 끼임,"24.04.16. 09시45분 재해발생, 현장에 있던 직원과 의정부 성모병원 즉시 출발10시30분 의정부 성모병원 도착 후 응급처치11시30분 태릉 마이크로병원 도착 후 골절수술 진행",해당 재해 내용 전 근로자 전파 및 안전교육 실시
TA-0253,철도터널,끼임,건설자재,자재,정리작업,시공오류,사전검토 미흡,안전관리계획 수립 미흡,피난갱 2번 지상에서 레일 상차를 위한 크레인 작업중 슬링벨트를 레일에 감은뒤 크레인으로 인양하려는 도중 레일이 움직이지 않도록 잡아주다가 슬링벨트가 조여지며 레일사이에 좌측 엄지손가락이 끼임.,0,피해 없음,건설장비 작업시 안전관리 절차 철저 수립 및 준수 교육 실시,피난갱 2번 지상에서 레일 상차를 위한 크레인 작업중 슬링벨트를 레일에 감은뒤 크레인으로 인양하려는 도중 레일이 움직이지 않도록 잡아주다가 슬링벨트가 조여지며 레일사이에 좌측 엄지손가락이 끼임.,사고자 긴급 후송 조치 후 일시 작업중단 및 안전조치 강화,건설장비 작업시 안전관리 절차 수립 및 준수 교육
TA-0254,철도터널,넘어짐,기타,기타,설치작업,시공오류,안전수칙 미준수,작업자 부주의,사전 작업계획가 달리 작업자 임의로 불안전한 자세로 작업 실시,0,피해 없음,작업방법 확립 및 작업자 임의 판단하에 작업 금지,킨텍스정거장 외부출입구1 작업장에서 띠장 설치 작업중 작업자가 중심을 잃고 넘어짐,병원 방문 및 입원,사전 확립된 작업방법에 의해 관리감독자 지휘하에 작업 실시
TA-0255,지하차도,부딪힘,기타,기타,굴착작업,시공오류,안전수칙 미준수,작업자 부주의,"협소한 작업공간, 경사진 바닥면, 바닥면 토사등 이물질",0,피해 없음,재발방지대책 수립 및 조치 확인 점검 실시,U.P.R.S 강관내부 굴착 중 미끄러지며 토류판에 무릎을 부딪침,의료기관 진료 및 산재 처리 예정,"작업장 청결유지, 정리정돈 및 작업 전 안전교육과 TBM 실시"
TA-0256,철도터널,넘어짐,기타,기타,이동,시공오류,안전수칙 미준수,작업자의 불안전한 행동,하선측의 비어있는 통행로를 이용하지 않고 상선측 궤도 패널이 설치된 곳으로 이동하려다 발생,0,물적피해 없음,"근로자 안전교육(5/20) : 궤도 패널 설치부 접근 금지, 궤도 미설치된 터널 중앙부 및 공동구로 이동경고표지판 설치(5/20~5/21) : 궤도 패널 설치부에 접근금지 표지판 설치","환기구23 비상방수문에서 철근 조립 작업 종료 후 퇴근을 위해 환기구24 도보로 이동하던 중 궤도 PC 패널 위로 올라가다 레일에 걸려 넘어지며, 우측 둔부가 바닥에 부딪힘","5/18(토)15:30 경 재해 발생 (우측 둔부 통증 호소 / 의사소통 가능)16:00 경 구급차 호출, 16:30 경 구급차 도착(현장출입문)16:45 경 구급차 도착(본선터널 내 재해발생 위치)17:25 경 한양대학병원 도착(의사파업에 따른 응급진료 불가 )18:30 경 서울성심병원 도착 접수19:10 경 초진결과(고관절 주변 골절 진단)19:30 경 수술전 검사 진행22:00 경 수술시작5/19(일)01:00 경 수술 종료 후 회복실 이동(집도의 진단으로 수술문제없이 완료)5/20(월)경과 확인 예정(의사파업으로 회진 및 진료 지연 중)","근로자 안전교육 : 궤도 패널 설치부 접근 금지, 궤도 미설치된 터널 중앙부 및 공동구로 이동경고표지판 설치 : 궤도 패널 설치부에 접근금지 표지판 설치"
TA-0257,철도터널,부딪힘,가시설,흙막이가시설,조립작업,시공오류,안전수칙 미준수,작업자 통제 미흡,환기구13-1 지하1층 벽체 철근 수정 작업을 위해 가시설 1단 버팀대를 넘어가다가 미끄러짐.,0,피해 없음,근로자들에게 안전한 이동통로로 이동할수 있도록 통로확보 및 TBM시 안전교육 실시,환기구13-1 지하1층 벽체 철근 수정 작업을 위해 가시설 1단 버팀대를 넘어가다가 미끄러져 좌측 가슴쪽을 버팀대에 부딛힌 상황임.,"5월24일 12:30 경 통증을 호소하여 인근병원(은평연세정형외과) X-Ray 촬영(골절소견 없음) 후 귀가, 5월25일 15:10 가슴통증이 지속되어 오전 출근을 하지 않고 자택인근병원(안산방사선과의원)에서 CT촬영한 방사선과 의사의 미세골절소견을 가지고 현장방문, 5월25일 15:10 건설사업관리단에 유선으로 보고, 5월25일 15:50 일산명지병원으로 이동하여 CT촬영 복사본 전문의에게 판독의뢰 결과 미세골절로 보이고 입원 필요없으며, 약 복용중 추가 통증이 느껴지면 병원 진료하라는 소견으로 진통제주사 및 약 처방 후 집으로 귀가 , 5월27일 노동부 제출용 진단서를 받기 위해 안산21세기 병원에서 CT 재촬영 후 전문의 소견으로는 골절이 아니라고함, 재해자가 안산방사선과 CT자료 재판독 의뢰 요청 미세골절 소견보임, 산업재해 조사표 제출 예정",근로자들에게 안전한 이동통로로 이동할수 있도록 TBM시 안전교육 실시
TA-0258,기타,끼임,부재,배관,이동,시공오류,안전수칙 미준수,작업자 부주의,작업자가 빈 드럼통 운반시 정면 미주시,0,피해 없음,연2회 이상 현장 점검 및 감독 실시,2024년 05월25일 오전7시40분경 추진기지3에서 작업자가 빈 드럼통을 운반하던 중 드럼통과 기 설치된 설비 파이프 사이에 손가락이 끼이면서 발생한 사고,07시40분 사고발생 후 응급처치 실시 후 병원 이송하여 소독 및 진찰 후 27일 힘줄봉합술 시,"- 설비 파이프 보양조치하여 충격 완화
- 작업 전 TBM 실시 및 자재 취급관련 특별안전교육 실시
- 현장 작업시 단독작업 금지"
TA-0259,철도터널,넘어짐,기타,기타,해체작업,시공오류,안전수칙 미준수,작업자 부주의,피난갱 2번 지상에서 크레인 해체 오전작업 종료 후 재해자가 점심식사를 하기위해 크레인 본체에서 하부로 계단이동 중 발을 헛디뎌 넘어지면서 트랙에 부딪힘.,0,피해 없음,사고원인을 분석 후 동일사고가 발생되지 않도록 안전관리 체계 정비 및 교육실시,피난갱 2번 지상에서 크레인 해체 오전작업 종료 후 재해자가 점심식사를 하기위해 크레인 본체에서 하부로 계단이동 중 발을 헛디뎌 넘어지면서 트랙에 부딪힘.,"재해자 병원 이동 및 진료 조치시행, 사고발생 구간 통제 실시, 사고원인 분석",사고원인을 분석 후 동일사고가 발생되지 않도록 안전관리 체계 정비 및 교육실시
TA-0260,철도터널,끼임,부재,철골부재,설치작업,시공오류,안전수칙 미준수,작업자의 불안전한 행동,손으로 격자지보재를 고정하려다 격자지보재와 이탈방지가이드 사이에 손가락 끼임,0,피해 없음,끼임방지를 방지할 수 있는 추가 장치 설치 강구(유사사례 확인 등),2024년 6월 14일 13시 55분경 터널 기재갱2에 고소작업차(차징카)를 사용하여 격자지보 설치 작업중 고소작업차량 격자지보 이탈방지가이드에 격자지보설치를 위해 격자지보를 올려 운반하는 과정에서이탈방지가이드와 격자지보 사이에 왼손 4번째 손가락 끝마디가 끼임,수지 전문병원 즉시 이송,끼임방지를 방지할 수 있는 추가 장치 설치 강구(유사사례 확인 등)
TA-0261,기타,떨어짐,기타,작업대차,정리작업,시공오류,기계장비관리 미흡,부적정 기계장비 사용 통제 미흡,지하에서 지상으로 폐기물 반출경로가 없어 부득이하게 미승인 엘리베이터 사용 / 최근 잦은 우천으로 인해 현장내 미끄러운 작업환경,0,피해 없음,"(작업중지) 현재 현장전체 작업중지(고소작업) 작업발판, 안전난간 설치하고 감리단 승인 후 작업재개(관리감독) 고소작업 등 준공까지 시공사 현장 안전관리자 작업장소 상주(관리감독) 시공사 본사 안전팀장 현장 상주(관리감독) 시공사 본사 지원본부장(상무) 2회/주 현장 방문 점검(관리감독) 미완성된 엘리베이터 사용 금지(관리감독) 협력사 현장관리자 현장 상주(안전교육) 작업재개시 전 공종 사고사례 전파 및 특별안전교육 실시(작업환경) 우천으로 인한 미끄럼방지 조치(테이프 부착 등)","2024년 7월 9일 오후 1시 30분경 피재자 신동원이 다산신도시 별내선 지하연결통로 건설현장에서지하에서 지상으로 미완성된 엘레베이터를 이용하여 쓰레기를 운반하던 중 측벽쪽에서 장애물에 걸린 소리가 들려원인을 파악하려 엘레베이터 발판 끝에서 확인하던 순간 발이 미끄러져
3. 5m 아래로 추락하는 재해를 당함.",사고발생: 13:30119 현장도착: 13:40구리한양대병원 응급실 도착: 14:00,"(작업중지) 현재 현장전체 작업중지(고소작업) 작업발판, 안전난간 설치하고 감리단 승인 후 작업재개(관리감독) 고소작업 등 준공까지 시공사 현장 안전관리자 작업장소 상주(관리감독) 시공사 본사 안전팀장 현장 상주(관리감독) 시공사 본사 지원본부장(상무) 2회/주 현장 방문 점검(관리감독) 미완성된 엘리베이터 사용 금지(관리감독) 협력사 현장관리자 현장 상주(안전교육) 작업재개시 전 공종 사고사례 전파 및 특별안전교육 실시(작업환경) 우천으로 인한 미끄럼방지 조치(테이프 부착 등)"
TA-0262,도로터널,떨어짐,기타,기타,이동,시공오류,안전수칙 미준수,작업자의 불안전한 행동,작업 종료 후 퇴근시 1톤 트럭차량의 적재함 앉아 이동 중 중심을 잃고 차량 밖으로 떨어짐,0,물적피해 없음,동종 유사 재해 방지를 위한 교육 및 작업 전후 점검 확인,작업종료 후 퇴근을 하기위해 1톤 차량 적재함에 앉아 컨테이너 사무실로 이동을 하기 위해 현장에서 나가던 중 급출발로 인해 차량에서 떨어짐,"(`24.07.09.) 15:50경 : 사고발생(`24.07.09.) 16:20경 : 부영병원 이동, 응급조치 실시","1. 재해발생에 대한 위험요소 전파(법규위반 등)
2. 차량 적재함 탑승 금지에 대한 서약서 작성
3. 해당 사고와 관련된 위험성 평가 실시를 통한 적정 대책 도출 및 이행
4. 재해발생에 대한 안전보건특별교육 추가 실시"
TA-0263,기타,넘어짐,건설공구,공구류,천공작업,시공오류,기계장비관리 미흡,설치·해체과정 관리 미흡,천공기 부속품 교체 작업 간 해체 시 고정상태의 부속품이 풀리지 않아 과도한 힘 사용으로 몸균형상실이 발생되어 넘어짐,0,피해 없음,재해자 상황을 지속적으로 모니터링하고 사고 원인 파악과 재발방지 대책 마련 등 신속하고 적극적으로 대응,재해자 포함 작업자 3명은 천공기 기어 파손으로 교체 작업간 위해 커버조임 너트를 풀기 위해 몽키스패너에 파이프를 끼워서 힘을 가하던중 작업을 도와주기 위해 재해자가 천공기 트랙 위에 올라가서 같이 작업을 하던중 재해자의 몸균형상실로 인하여 신체가 전도되어 천공기 가이드 브라켓에 부딪힘.,사고사례 반영하여 리스크평가회의 개최 및 근로자 특별안전 보건교육 실시,천공기 작업 간 부속품 교체 시 작업자 위험요인 및 작업방법에 대한 내용 주지
TA-0264,철도터널,끼임,가시설,특수거푸집(갱폼 등),설치작업,시공오류,안전수칙 미준수,작업순서 미준수,라이닝폼 조작이원과 거푸집 설치 인원의 의사소통 부족,0,피해 없음,재발방지대책 준수,"라이닝폼(7호기) 거푸집설치 중 오퍼레이터와 신호가 맞지 않아 유압이 작동되어 손가락(중지, 약지) 협착",재해자 응급조치 및 병원 후송공동작업 근로자 TBM 및 안전교육 실시,"- 라이닝폼 유압장치 작동시 하부근로자 대피여부 확인 후 작업 시행
- 재발되지 않도록 근로자 안전교육 실시"
TA-0265,도로터널,화재,가시설,흙막이가시설,설치작업,시공오류,안전수칙 미준수,작업자 부주의,가시설 중앙파일 설치 작업 중 H파일 연결하기 위한 용접작업 진행시 용접 잔재물에 피부가 저촉하여 발생,0,물적 피해없음,유사사례 재발방지를 위한 안전교육 실시 및 작업시 안전수칙 준수 지시,"2024년 7월 27일 16시 30분(작업종료) 502정거장 중앙파일 설치 작업 중 H파일 연결하기 위해 CO2 용접작업을 진행하였고, 일요일 휴무 후 7월 29일(월) 출근하여 TBM 실시 후 관리감독자에게 가슴쪽 피부 따가움을 호소함","▷ 07월 27일 사고 발생 ▷ 07월 28일 휴무 ▷ 07월 29일 작업자 피부 통증(따가움) 호소, 하나병원으로 이동(화염화상 진단)","1) 용접, 절단 작업시 일체형 복장 착용하고 작업 실시
2) 화기 작업 중 위험을 바라보는 시각에 대한 교육 실시"
TA-0266,철도터널,부딪힘,건설기계,지게차,운반작업,시공오류,안전환경 미제공,신호수 미배치,"신호수는 배치되어 있었으나 카리프트 옆 PST 야적장 내 다른 차량 유도중으로 신호수 부재, PST 적재한 화물차 운전사가 후방 확인 미흡",0,피해 없음,산업재해조사표 제출등 적법 처리 실시,환기구13 카리프트 상부에서 출차 중이던 지게차와 PST 하역을 위하여 후진중인 화물차간 접촉사고 발생으로 지게차 운전사 허리통증을 호소,병원 이동하여 CT 및 MRI 촬영 후 약물치료 후 가료중임,"13번 카리프트 앞 별도의 신호수 배치 실시, TBM시 신호수 카리프트 운전원, 장비운전원 후방 확인, 카리프트에서 적정 거리 이격, 신호에 따른 운행등 교육 실시"
TA-0267,철도터널,끼임,건설기계,콘크리트펌프,정리작업,시공오류,안전수칙 미준수,작업자의 불안전한 행동,"1. 청소작업시 위험구간 접근
2. 건설장비 청소시 단독작업",0,물적 피해없음,"1. 호퍼 내부 접근하지 않도록 방호조치 실시
2. 작업 종료후 청소시에도 단독작업 통제","24.08.07(수요일) 00시 20분경 개착구간 1번 인양구(호이스트) 인근 2-2터널 숏크리트를 2대째 작업종료 후 펌프카 운전원인 재해자(하영철)가 펌프카 호퍼 청소를 하던 중 펌프카 후면 호퍼 내부에 우측팔이 협착되어 무전으로 사고사실을 전파, 작업 대기중이던 특수건설 관리자 이재성 과장이 사고를 확인하여 펌프카 후면 호퍼쪽에서 재해자가 끼어 있는 것을 발견하고 119 신고 및 주변에 있던 터널반장(한화석), 호이스트 운전원(이기복)과 지혈 등 응급처치 진행","27분 특수건설 이성민 차장, 태영건설 고현성 선임에게 보고 30분 경찰 현장 도착하여 사고경위 및 계약관계 등 확인 35분 119 구급대원 도착 및 응급조치, 후송 50분 서울 천호동 리더스병원 이송 (특수건설 김영국 관리부장, 태영건설 고현성 선임 동승) 1시 20분 리더스병원 도착하였으나 응급수술이 불가하여 진통제 처방후 수술 가능병원 인 광진구 소재 서울프라임병원으로 후송 1시 55분 서울프라임병원 도착 3시 45분 ~ 8시 20분 우측 팔 접합수술 완료, 일반실 이동후 경과 지켜보는 중","1. 호퍼 내부 접근하지 않도록 방호조치 실시
2. 작업종료후 청소시에도 단독작업 통제"
TA-0268,철도터널,끼임,건설자재,자재,이동,시공오류,안전수칙 미준수,작업자 부주의,작업 완료 후 자재를 정리하면서 가시설 버팀보 잭을 옮기기 위해 바닥에서 밀다가 손가락 끝부분이 잭과 잭사이에 끼임,0,물적 피해없음,유사사례 재발방지를 위한 안전교육 실시 및 작업시 안전수칙 준수 지시,본선 1구간 버팀보 제작 작업을 완료하고 퇴근 전 자재를 정리하던 중 가시설 버팀보 잭을 밀다가 버팀보 잭 사이에 손가락 끝이 끼인 사고,▷ 2024.08.09. 14:20 : 사고 발생▷ 2024.08.09. 14:25 : 병원 이송▷ 2024.08.09. 15:00 : 병원 입원▷ 2024.08.13. 15:00 : 병원 퇴원,"1. 자재 정리정돈시 급하게 작업하지 말고 천천히 정리 실시
2. 집중력 저하 사건(작업전, 식사 후, 작업 마치기 전) 위험에 대한 교육 실시"
TA-0269,철도터널,넘어짐,기타,기타,이동,시공오류,안전수칙 미준수,작업자 부주의,이동통로를 사용하지 않고 벽체 사이를 이동하려다 넘어짐,0,피해 없음,"- 근로자 이동통로 추가 설치 및 확보
- 불안전한 행동 금지 및 이동통로 사용에 대한 근로자 안전교육 실시",환기구21 수직구 상부 내측 간벽 벽체 설치구간 벽체 철근 사이를 이동하려고 철근을 잡고 넘어가던 중 결속선이 탈락되며 뒤로 넘어지면서 왼쪽 무릎 충돌,"- 병원으로 이동하여 진료 및 치료
- 근로자 이동통로 추가 설치","- 근로자 이동통로 추가 설치 및 확보
- 불안전한 행동 금지 및 이동통로 사용에 대한 근로자 안전교육 실시"
TA-0270,도로터널,넘어짐,기타,기타,굴착작업,시공오류,안전수칙 미준수,작업자 부주의,양수기 펌프 교체 작업을 위하여 비탈면을 내려가던 중 미끄러짐,0,물적 피해는 없음,"근로자 진료 등의 치료를 받고 있으며, 잔여 근로자의 안전교육 실시 및 의식 고취",양수기 교체를 위하여 이동중 비탈면에서 넘어지며 손을 집던중 오른쪽 팔목 꺽여 골절된 사고임,"병원에서 진료 중이며, 잔여 근로자 안전교육 실시",근로자 안전교육 및 의식 고취
TA-0271,도로터널,물체에 맞음,건설공구,공구류,굴착작업,시공오류,안전수칙 미준수,작업자 부주의,굴착면 락볼트 철근을 고정하기 위해 삽입장비 동력체라 순간적으로 튕김현상으로 왼손 엄지손가락을 타격,0,피해 없음,공정 특성에 적합한 안전보호구 착용 지도 및 안전교육 실시,"24.09.02(월) 천마터널(울산방향) 터널내 락볼트 삽입작업 중 천공 홀 안에서 락볼트 걸림현상이 발생하여 삽입장비 동력체가 순간적으로 튕김현상이 발생, 왼손 엄지손가락을 타격하여 미세골절 됨","지정병원 이송 후 MRI, X-ray 확인 결과 미세골절 진단으로 반 깁스 조치","1. 락볼트 작업시 무리한 동작으로 작업금지
2. 충격흡수 장갑을 착용하여 작업실시"
TA-0272,철도터널,떨어짐,가시설,비계,해체작업,시공오류,시공불량,시공품질 미확보,수평대 위에 겹쳐 고정되어 있던 작업발판 반생이를 절단하면서 수평대가 불안전하게 고정되어 있어 같이 떨어짐,0,피해 없음,"- 작업발판 설치 상태 확인 및 해체 작업시 관리자 상주
- 해체작업시 안전대부착설비는 해체 완료시까지 존치 및 해체 금지
- 작업발판 해체 순서에 대한 근로자 안전교육 실시",환기구21 2스판 지하1층 외부벽체 작업발판을 해체하던 중 겹쳐있던 발판을 해체하여 발판과 같이 떨어짐,"09/04(수) 15:45 : 환기구21 2스판 지하1층 외부벽체 작업발판을 해체하던 중 겹쳐있던 발판을 해체하여 3m 아래로 발판과 같이 떨어짐 16:00 : 지정병원(세란병원) 이동 진료 중 17:20 : 진료결과 우측 늑골 6~8,11 골절 및 미추(꼬리뼈) 골절 판정집으로 귀가(입원, 수술불필요) 18:20 : 현장 복귀하여 동료차를 이용하여 집으로 귀가","- 작업발판 설치 상태 확인 및 해체 작업시 관리자 상주
- 해체작업시 안전대부착설비는 해체 완료시까지 존치 및 해체 금지
- 작업발판 해체 순서에 대한 근로자 안전교육 실시"
TA-0273,기타,부딪힘,기타,기타,운반작업,시공오류,안전수칙 미준수,작업자 부주의,레일과 안전발판사이 틈새에 근로자 이동중 발빠짐 발생,0,피해 없음,"레일과 안전발판 틈새 보강 (발판 폭 연장설치 등), 작업 전 위험요인 전파 및 안전작업방법 교육",터널내부에서 근로자 자재운반 작업중 레일과 안전발판사이 이격공간에 발이 빠지면서 무릎이 레일 받침대와 충돌,"사고 발생 후 병원 이송(10시 30분), 발주처 보고(12:30), 현재 입원후 수술예정","레일과 안전발판 틈새 보강 (발판 폭 연장설치 등), 작업 전 위험요인 전파 및 안전작업방법 교육"
TA-0274,철도터널,찔림,건설자재,자재,해체작업,시공오류,안전수칙 미준수,개인 안전보호구 미착용,보안경 미착용,0,피해 없음,근로자 개인보호구(보안경 등) 착용 관리 철저,"킨텍스정거장 외부출입구3 작업장에서 거푸집 해체 작업을 위해 거푸집과 연결된 철선(반생)을 절단하는 작업 중, 철선(반생)에 눈을 찔린 사고임",병원 방문 및 수술 예정,근로자 절단 작업 시 개인보호구(보안경 등) 착용 실시
TA-0275,지하차도,떨어짐,토사 및 암반,굴착사면,절단작업,시공오류,임의시공,시공 계획 미수립,근로자의 굴착기 버킷 임의 탑승,0,피해 없음,재발방지대책 수립 및 조치 확인 점검 실시,"지하차도 상부열 강관다발체(UPRS) 돌출부 절단을 위하여 굴착기 버킷에 탑승하여 용단 작업중 강관다발체가 벌어지며, 버킷을 밀어 탑승중인근로자가 추락한 재해임.",병원 후송,사고사례 전파 및 재발방지 대책 교육 실시
TA-0276,도로터널,깔림,건설자재,철근,상차 및 하역작업,시공오류,안전수칙 미준수,작업자 부주의,인양중인 철근다발이 재해자에게로 떨어짐,1,피해 없음,사고발생 원인 파악 후 재발방지 대책 마련,"라이닝 철근 인양중(B/H,두줄걸이) 철근다발이 재해자에게로 떨어짐
- 철근 다발이 떨어진 원인 조사중",14:00 : 사고발생14:15 : 119 구급차 현장도착14:20 : 단국대 병원 후송15:59 : 응급 수술 시작17:20 : 응급수술 완료18:20 재해자 사망,사고발생 원인 파악 후 재발방지 대책 마련 예정
TA-0277,철도터널,끼임,가시설,기타 가시설,운반작업,시공오류,안전수칙 미준수,작업자 부주의,자재 상하차시 자재에 부속품이 걸림,0,물적 피해내용 없음.,자재 하역시 완전 부속품등 재차 확인,박선규(가시설공) 가시설 설치 작업 중 강재(175앵글)을 하역 하던중 바닥에 있던 175앵글이 인양 샤클에 걸려 90도 회전을 하게 되어 작업자(박선규)의 발등에 협착,병원 이송,자재 하역시 완전 부속품등 재차 확인
TA-0278,도로터널,물체에 맞음,건설기계,특수건설기계,정비작업,시공오류,안전수칙 미준수,작업자의 불안전한 행동,유압호스 압력유무를 확인하지 않고 연결부 커플러 해체 작업중 커플러가 운전원 안면부 타격,0,운전원 안면부 찰과상,재발방지를 위한 안전교육 실시,숏크리트 타설장비를 정비하던중 유압호스를 분리하다가 연결부 커플러가 운전원 안면부를 가격하여 찰과상(1.5cm)으로 인한 출혈 발생,119차량으로 성지병원 이송후 상처부위 치료후 퇴원(사고당일 13시30분),"장비 정비시 차량시동 유무 확인 및 안전블럭, 안전지지대 사용 및 2인1조 작업 진행"
TA-0279,지하차도,깔림,가시설,작업발판,인양작업,시공오류,안전수칙 미준수,작업자 통제 미흡,위험장소 출입 통제 미흡,1,물적 피해 없음,위험작업반경 내 근로자 출입통제 철저히 하겠습니다.,철근대차 자재 하역 작업 중,07:50 사고 발생 직후 119 신고 / 07:50 ~ 심폐소생술 및 인공호흡 실시 / 08:20 119 도착 후 재해자 후송,위험작업반경 내 근로자 출입 통제 철저
TA-0280,도로터널,떨어짐,건설기계,고소작업차(고소작업대 등),이동,시공오류,안전수칙 미준수,작업순서 미준수,"작업대차 승하강시 작업대를 지면에 내려놓은 상태에서 승하차 해야 하나, 고속상태에서 다른 작업대로 승하차하다가 떨어짐",0,피해 없음,유사작업 공종 추가 교육 및 관리감독 강화,"2024년 10월 25일(금), 오전 06시 30분경 아중1터널(남원) 막장(STA.6+555)면에서 작업자 이OO씨가 고소작업자(차징카) 우측작업대에서 그라우팅 주입 완료후 좌측 작업대로 이동하기위해 안전벨트를 풀고 좌측 작업대(높이 3M)로 이동중 미끄러져 바닥에 있는 천공 슬러지 무더기로 떨어지는 사고가 발생함",병원 방문 치료,근로자 안전수칙 준수 강화 교육
TA-0281,철도터널,넘어짐,건설기계,특수건설기계,준비작업,시공오류,안전수칙 미준수,작업자 부주의,작업자 부주의로 인한 전도 사고 발생,0,피해 없음,"일반 사고조사 우선 시행 후, 근로복지공단 산업재해 판정에 따라 추후 조치 하겠음",락볼트 몰탈 주입을 위해 작업 준비중 챠징카 작업발판(높이 약 70cm)에서 발을 헛디디며 넘어져 바닥면에 허리를 부딪힘,즉시 병원 후송 및 X_ray 촬영,차징카 작업대 안전난간대 설치 및 근로자 안전교육 실시
TA-0282,철도터널,깔림,가시설,기타 가시설,절단작업,시공오류,안전수칙 미준수,작업순서 미준수,지장물 받침 해체 작업 시 위험요소 안전조치 미흡 (계획에 없던 임의작업),0,피해 없음,교육 실시,"2024년 11월 9일(토) 08:40분경 킨텍스정거장 대합실 슬라브 상부에서 하수박스 받침 보호공 작업을 위해, 매달기 된 지장물(전력관 케이블) 받침 철물(앵글) 제거 중 매달기 된 지장물이 떨어지며 깔림","[11/9(토) 08:40 사고발생 , 09:00 병원이송]",임의작업 금지 및 작업시 안전수칙 교육 실시
TA-0283,철도터널,깔림,가시설,기타 가시설,절단작업,시공오류,안전수칙 미준수,작업자의 불안전한 행동,지장물 받침 해체 작업 시 위험요소 안전조치 미흡 (계획에 없던 임의작업),1,피해 없음,교육실시,"2024녀 11월 9일 (토) 08:40분경 킨텍스정거장 대합실 슬라브 상부서 하수박스 받침 보호공 작업을 위해, 매달기 된 지장물(전력관 케이블) 받침 철물(앵글) 제거 중 매달기 된 지장물이 떨어지며 깔리는 사고 후 치료중 2024년 12월 12일 (목) 09:12분 뇌사판정위원회 뇌사 판정 (뇌사 통보시간 14:10)","[11/9(토) 08:40 사고발생, 09:00 병원이송, 12/12(목) 09:12 뇌사판정]",임의작업 금지 및 작업시 안전수칙 교육 실시
TA-0284,도로터널,부딪힘,건설기계,덤프트럭,운반작업,시공오류,기계장비관리 미흡,기계장비 정기점검 미흡,주야간 교대작업 후 덤프트럭의 정비를 소홀히 하여 건설기계 관리상태 미흡(브레이크 파열),0,덤프트럭 앞범퍼 파손,장비점검표 확인 및 검토(건설사업관리단),버럭처리를 위해 BP장으로 덤프트럭이 이동 중 차량 브레이크 파열로 인해 전진하는 과정에서 차량이 배수로에 빠짐,"사고발생 07:40, 재해자 응급실 이송 08:30, 건설사업관리단/발주처 보고 10: 00, 발주처/건설사업관리단 사고조사 09:30","장비점검표 작성 및 제출, 특별안전교육 실시"
TA-0285,철도터널,부딪힘,건설기계,콘크리트펌프,타설작업,시공오류,안전수칙 미준수,작업자 부주의,펌프카 호퍼에 끼인 불순물 제거 중 작업자 부주의로 레미콘 슈트에 부딪힘,0,피해 없음,재발방지대책 마련재방방지대책 이행 여부 지속 확인 점검작업전 근로자 등 안전교육 철저,"라이닝 타설작업중 펌프카 운전원이 호퍼에 끼여있는 불순물(경화된 Con'c, 약 16cm)을 제거하던 중, 반력에 의해 왼쪽 손이 레미콘 슈트에 부딪힘","14:30 : 사고발생14:35 : 병원 이동(사랑의 병원, 경기 안산시 상록구 성포동)15:10 : 항생제 치료, 교정시술 예정 (이후 통원치료)",장비 및 근로자 안전 교육
TA-0286,도로터널,끼임,건설공구,공구류,정비작업,시공오류,안전수칙 미준수,작업자 부주의,"노후 또는 자주 사용하지 기계기구(공도구/교반기) 사용 전 점검 미흡, 해당 근로자의 임의 정비 실시에 따른 불안전한 행동 및 부주의에 의한 사고",0,피해 없음,해당 기계기구 스크류부분 정비 필요시 몸체 전체를 교환하는 방식으로 변경,재해자(홍OO) 이 24년12월1일 오전1시경 온수터널 수직구(수원방향) 에서 훠폴링 주입 작업 준비 중 배출구 스크류가 작동 하지 않아 정비 작업 중 스크류가 조금 움직이며 틈이 발생하여 틈에 손을 넣고 작동 버튼 요청을 하였고 작동 버튼을 누르자 스크류가 오작동 되며 왼손검지손가락이 끼이면서 발생 함 재해 임,"사고발생 01시 , 병원 이동 01시 30분 경, 병원 도착 04시(경미한 사고로 판단 되어 응급 처치 불가), 10시 응급치료 및 골절(실금) 진단","노후 또는 자주 사용하지 않는 기계기구 사용 전 점검 필, 근로자 임의 기계기구 정비 금지 교육, 스크류 부분 덮개 설치 완료"
TA-0287,철도터널,떨어짐,가시설,버팀보,설치작업,시공오류,안전수칙 미준수,작업자 부주의,부주의,0,피해 없음,교육 등,"흙막이가시설 5단 버팀보(최하단, H=2.4m) 설치 작업 중 좌,우측 띠장에 볼트를 한 개씩 고정한 상태에서 볼트 추가 체결중에 볼트 홀이 맞지 않아 기고정된 볼트를 풀어 홈을 맞추려는 순간 버팀보가 회전하자 재해자가 충돌 우려에 놀라서 말비계에서 뛰어내렸고 그 과정에서 중심을 잃어 좌측 어깨부위가 굴착면 바닥에 충돌한 사고",응급조치 및 입원,교육
TA-0288,지하차도,물체에 맞음,건설기계,고소작업차(고소작업대 등),조립작업,시공오류,기계장비관리 미흡,부적정 기계장비 사용 통제 미흡,장비 원인불명의 작업대 하강,1,물적 피해 없음,추후 사고 원인 정확히 파악 후 재발방지대책 수립 예정,벽체 철근 조립 작업 중 사망,"15:00 사고 발생
- 15:10 119 후송
- 16:30 부산대학병원 도착
- 25.01.01 13:00시 사망",추후 사고 원인 정확히 파악 후 재발방지대책 수립 예정
TA-0289,도로터널,떨어짐,부재,개구부,이동,시공오류,안전수칙 미준수,작업자 부주의,2025.01.06.일 이동중 터널내부 공동구 덮개 빈 공간 밑으로 좌측 발 빠짐 사고,0,피해 없음,터널내부 공동구 덮개 조치 및 터널 조명 설치예정,2025년 1월 06일 16시경 재해자(이화성 형틀목공)는 말골재터널 비상대피통로 유로폼해체 작업후 출입구로 이동중 하부 공동구 덮개 밑으로 깊이(75cm) 좌측발이 빠져 사고가 발생,터널내부 공동구 작업시 덮개 빈공간 제거,"사고내용 등을 근로자에게 전파하여 경각심 제고, 작업전 안전교육 및 보고 체계 등 안전관련 매뉴얼 숙지"
TA-0290,철도터널,끼임,건설자재,자재,보수 및 교체작업,시공오류,안전환경 미제공,불량자재 관리 미흡,25년 1월 9일 오전 11시경 재해자가 강서금호역 지하 3층 하선 비계 대차 2단에서 그라우팅 작업 중 리드선에 걸려서 발을 접질려 오른쪽 새끼발가락이 골절발생,0,피해 없음,작업전 정리정돈 철저 및 동일사고가 발생되지 않도록 안전교육 실시,25년 1월 9일 오전 11시경 재해자가 강서금호역 지하 3층 하선 비계 대차 2단에서 그라우팅 작업 중 리드선에 걸려서 발을 접질려 오른쪽 새끼발가락이 골절되었다고 금일 오후에 Biz.P로부터 연락이 옴. (넘어지지는 않았음.) 사고 이후 아프다는 언급 없이 정상적으로 작업 종료함.,재해자 병원 이송 후 검진실시,작업장 정리정돈 철저 및 이동시 주의사항 안전교육 실시
TA-0291,철도터널,부딪힘,건설공구,공구류,절단작업,시공오류,기계장비관리 미흡,부적정 기계장비 사용 통제 미흡,절단면에 낀 링커터를 빼는 과정에서 과도한 힘이 가해져 반발력에 의한 부딪힘,0,피해 없음,"1.작업 전 현장관리자 주관 아래 T.B.M(Tool Box Meeting)활동을 실시 유무 확인
2.해당 공종에 대한 위험성평가 반영 및 지속적인 관리 시행","1.누가 : 성풍건설 가시설공 최OO 씨가
2.언제 : 25년 1월 20일(월) 10시 30분 경
3.어디서 : 환기구24 수직구 지하 1층에서
4.무엇을 : 블록아웃 절단 작업 중
5.어떻게 : 링커터를 활용하여 블록아웃 절단 작업 중 절단면에 낀 링커터를 빼내 순간 반발력에 의해 링커터 보호덮개가 재해자의 재해자의 아래 턱 부근에 부딪힘
6.왜 : 링커터를 빼는 과정에서 과도한 힘을 과하며 반발력에 의한 부딪힘","10:30 경 재해 발생 직후 서울시 마포구 소재 서울연세병원으로 이동10:55 경 서울연세병원 도착11:10 경 CT 촬영 시행 결과 대기 중(서울연세병원)11:30 경 CT 촬영결과 아래 턱 미세실금, 치아 2개 손상17:40 아래 턱 미세실금 부위에 대한 보호 치료 실시 완료","1.재발방지교육 실시 : 올바른 공도구 사용법
2.공도구 이상유무 점검 실시"
TA-0292,도로터널,넘어짐,건설자재,덕트,이동,시공오류,안전수칙 미준수,작업자의 불안전한 행동,"해당공종 작업 전 시공 회사에서는 안전교육 시 터널 측구 바닥에 Pvc 배수파이프(Φ50mm, 노출 2~3cm)가 10m 간격으로 설치 되어 있어 작업 중 주의하여야 함을 사전 교육을 하였으며, 매일 수시점검을 통해 재해자에게) 직접 주의 교육을 실시하였음에도 작업자의 주의 부족으로 노출 파이프에 걸려 중심을 잃어 넘어지면서 왼쪽 팔꿈치를 터널 바닥에 부딪힌 사고로 재해자의 주의 부족 및 불 안전한 작업자세(작업 특성상 양손에 작업 도구를 들고 있는 상태)에서 기인",0,피해 없음,전 근로자 대상 수시 안전교육 실시,"25년 1월 20일 오후 2시 40분경, 포항-안동2(1공구) 국도건설공사의 터널공사 협력업체 누리세움 소속 타일공인 재해자가 타일시멘트 미장 작업 中 바닥에 노출된 Pvc Pipe(2~3cm)에 걸려 넘어져 왼쪽 팔꿈치를 부딪혔으나, 단순 타박상인 줄 알고 퇴근 후, 1월 21일 아침부터 상처 부위가 부어올라 1차 인근 한의원에 진료 결과, 팔꿈치에 2~3개의 골편이 발생 된 것 같다는 소견으로 당일 오후 안동시 소재 안동병원에 진료 결과 입원치료가 필요하다는 소견을 받아 입원 후 정밀 진단을 받아 오던 중 1월 23일 오후 골편(뼈조각) 제거 수술을 시행한다고 협력업체 소장에게 알려 왔으며, 현장에서의 인지시점은 23일 오전 11시 경 현장 점검 중 협력업체 소장으로 부터 연락을 받고, 인지 후 6시간 이내에 사고발생을 신고함.",25년 1월 23일 수술 후 입원 가료 중,전 근로자 대상 안전교육을 통한 재발 방지대책 수립 및 실시
TA-0293,도로터널,넘어짐,건설기계,고소작업차(고소작업대 등),설치작업,시공오류,안전수칙 미준수,작업자의 불안전한 행동,근로자 단독 판단으로 전선 드럼의 꼬인 전선을 무리하게 인력으로 풀려고 함,0,물적 피해 없음,"1.작업 환경 사전 확인(바닥 물기 여부 등) 후 작업자 투입
2.차징카 상부의 날카로운 부분에 보호 덮개 설치
3.야간 작업시 당직 및 보고 체계 강화",2025-02-13 01:00경 록볼트 설치를 위한 차징카의 전선배치 작업 시 차징카 상부 전선 드럼 내 꼬임이 발생하여 터널공 최OO이 단독으로 상부에서 인력으로 꼬임을 푸는 도중 작업 공간이 미끄러워 넘어지며 전선거치대에 부딪혀 옆구리 자상 및 견갑골 금감,"1.25.02.13.(오전)01:00 : 재해발생2.25.02.13.(오전)01:20 : 목포 중앙 병원 응급실 후송(파트너사 야간 당직자) 인솔
3. 25.02.13.(오전)02:00 : 재해부위 검사 및 응급 처치(어깨부위 X-Ray 및 CT촬영, 옆구리 자상 부위 봉합)4.25.02.13.(오전)04:00 : 현장 숙소 복귀
5. 25.02.13.(오전)06:50 : 아침조회 시 야간 작업 중 건강 이상 유무 확인시 보고(파트너사 →당사 직원)","- 인적: 작업중 전선 꼬임 등의 문제 발생시 관리감독자 보호 후 조치시행
- 물적: 작업자 투입 전 발판의 물기 제거 후 작업 시행,날카로운 모서리에 파이프 보호대 등 보호덮개 설치
- 시스템: 재해 발생 시 보고 체계 구축 및 야간당직자 순찰시 근로자 건강이상여부 수시 확인"
TA-0294,도로터널,물체에 맞음,가시설,기타 가시설,설치작업,시공오류,시공계획 미준수,작업순서 미준수,차징카로 지보를 인양하여야 하나 재해자가 직접 무리하게 중량물을 이동하려다 사고 발생,0,피해 없음,시공사 감리단에 재발방지대책 지시,터널공이 2월 19일 12시 20분경 터널내부에서 격자지보 설치 작업 중 미끄러지며 격자지보가 정강이에 맞음,25.02.19. 12:20 터널내부 사고발생25.02.19. 12:50 :지정병원이송 및 진료(골절 진단),"1. 근로자 특별교육 실시(협력사 임원 주관)
2. 작업방법 및 순서에 따른 유해·위험 요인별 교육 실시(작업방법 임의 변경금지)
3. 관리감독자 수시 감독"
TA-0295,기타,물체에 맞음,가시설,흙막이가시설,해체작업,시공오류,안전수칙 미준수,작업자 부주의,송파ic 비개착공사 추진기지2번 하부굴착을 위한 기설치 가시설 해체작업(토류판 및 H빔 해체)중 작업위치 상부에 위치한 지장물(집수정)의 콘크리트덩어리가 낙하하여 작업자 두부에 충격,0,피해 없음,"1. 안전사고 재발 방지대책 추진 및 현장 안전교육 실시
- 사고 재발 방지를 위해 최고 위험공종에서는 안전전담요원 24시간 배치",송파ic 비개착공사 추진기지2번 하부굴착을 위한 기설치 가시설 해체작업(토류판 및 H빔 해체)중 작업위치 상부에 위치한 지장물(집수정)의 콘크리트덩어리가 낙하하여 작업자 두부에 충격,"- '25. 03. 08. 16:10 : 사고 발생
- '25. 03. 08. 16:22 : 119 신고
- '25. 03. 08. 16:40 : 병원 이송
- '25. 03. 08. 17:30 : 발주청 및 인.허가기관 조사 . 18시 후두부 골절 출혈 확인(1차 CT촬영) / 20시 수술 불필요 확인(2차 CT촬영)","1. 안전사고 재발 방지대책 추진 및 현장 안전교육 실시
2. 사고 재발 방지를 위해 최고 위험공종에서는 안전전담요원 24시간 배치"
TA-0296,도로터널,떨어짐,건설기계,고소작업차(고소작업대 등),거치작업,시공오류,기계장비관리 미흡,작업전 점검 미흡,차징카 바스켓 연결부위 붐대 파단,0,차징카 바스켓 연결부위 파단에 따른 보강 용접 필요,1.차징카 바스켓 연결부위 붐대 주변으로 보강 용접 및 비파괴 검사 실시.2.장비 운행 전 장비 운전원은 붐대 연결부위 변형 여부 육안 점검 실시,"2025년 3월 9일(일) 23:48 경 에OO 재해자가 종점부 문산 방향 28m 지점에서 강관보강 그라우팅 작업을 하기 위해 차징카 바스켓에 탑승하여 작업을 하던 중 차징카 바스켓 연결부위 붐대가 파단 되어 바스켓 내부에서 작업 중인 재해자가 약 높이
2. 8m 에서 추락함.",1.차징카 바스켓 연결부위 붐대 주변으로 보강 용접 및 비파괴 검사 실시.2.장비 운행 전 장비 운전원은 붐대 연결부위 변형 여부 육안 점검 실시,차징카 현장 반입시 붐대 연결부위에 대해 용접 상태 점검 및 추가 보강 용접 후 비파괴 검사 실시.
TA-0297,기타,부딪힘,가시설,흙막이가시설,설치작업,시공오류,안전수칙 미준수,작업자 부주의,(1)지장물 간섭 구간 토류판 설치 작업시 사면토사 및 부석 등 제거 작업에 대한 위험요인 도출 및 안전대책 미수립(2)토류판 설치 작업시 안전작업 방법 및 안전수칙에 대한 교육 미흡(3)굴착면 물고임으로 인한 작업환경 불량으로 상부에서의 불안전 행동 유발 및 관리감독 미흡,0,피해 없음,"(1)작업 전 사용 공도구에 대한 점검, 불안전 도구 사용 금지(2)관리감독자의 안전에 대한 역할 강조 교육(3)현장 일일 점검 및 본사 지원 강화","‘25년 03월 14일(금) 11:00경 Zone1 Section3 MB16~17 구간 토류판 설치 작업 간 지상에서 재해자가 지장물 간섭 부위 사면 정리를 위하여 쇠 지렛대(일명 빠루: 110cm)로 부석 및 토사를 제거하는 과정에서 쇠 지렛대를 잡고 있던 왼쪽 손이 컷팅한 아스팔트 하부 골재 부분과 왼쪽 엄지 손가락 부위가 부딪치며 발생한 사고임(지연통보 사유 : 하도급사(육헌건설) 안전관리자 경미한 사고로 판단 스프레이 처치 등 초동조치 후 재해자 사고당일 정상 근무, 주말 간 통증 심화로 재해자 자체 병원 내원 및 골절진단(깁스치료 진행), 사후 보고로 사고인지 및 통보 지연)","25.03.14 11:00 사고발생(외상 흔적 발견 못함, 재해자 스프레이파스 요청, 오후 정상작업)'25.03.15 08:00 재해자 손부상으로 출근불가, 병원진료 제안'25.03.15 11:00 재해자 병원진료(왼손엄지 골절진단, 깁스조치)'25.03.17 07:00 주말간 사고내용 및 경과 접수, 사고보고","1. 토류판 설치 작업시 부석제거, 사용도구, 작업 위치 등 요인도출 및 안전대책에 대한 위험성 평가 등록 및 돌발 위험성 평가 실시
2. 협력사 전 직원 및 전체근로자 사고사례 전파 및 안전작업방법에 대한 특별교육 실시
3. 양수 작업 실시 후 굴착면에서 핸드 브레이커 등 적정도구 사용 안전작업 방법 이행 실시
4. 관리감독자(해당 공종 담당자 및 안전관리자) 불안전한 행동 밀착관리 강화"
TA-0298,기타,"절단, 베임",기타,기타,굴착작업,시공오류,안전수칙 미준수,작업자 부주의,중량물 취급시 2인 1조 작업 원칙 미준수,0,피해 없음,집수정 그레이팅 개폐시 고리형 인양도구 사용 여부 점검,근로자(조OO 氏) 1명 '25.3.14(금) 11:05 분경 MM16 맨홀 전기 관로 터파기 구간 양수작업을 위해 집수정 덮개(그레이팅)를 열고 배수용 호스를 연결하기 위해 그레이팅을 들다가 그레이팅 하부에 우측 중지 손가락이 협착 되어 손가락 끝부분 베임 발생,"사고발생 11:05, 병원이송 및 진료 11:50 발주청 사고조사 14:35, 건설사고신고 15:42",집수정 그레이팅 개폐시 고리형 인양도구 사용(관련내용 근로자 대상 교육 주기적 실시)
TA-0299,도로터널,물체에 맞음,기타,기타,연결작업,시공오류,안전수칙 미준수,작업자 부주의,배관 내부 이물질 제거를 위해 밸브를 여는 순간 압력에 의하여 흔들린 배관 단부에 머리가 부딪힘,0,피해 없음,안전대책 관련 지시사항 전달 등,당 현장 태성토건 소속 석OO(재해자)씨가2025년 3월 17일 오전 09:56분경현장내 2터널 시점 입구에서터널 내부에서 사용할 급수배관과 압력배관 설치작업 중배관 연결상태 및 관내부 이물질 제거 과정에서관 내부에 남아있던 물과 얼음을 배출과정 중 밸브조작 미흡으로 압력이 상승되어 있는 상태에서 배관단부의 밸브를 여는순간압력이 분출되면서 배관단부가 석영찬(재해자)의 안전모를 타격하면서 머리에 부딪히며 5cm가량 찢어지는 사고가 발생,"사고발생 직후 부상자 병원 이송, 응급조치 및 두부(머리) 출혈부위 지혈 후 봉합수술","아침조회 및 TBM시 작업사항에 대한 위험요인 및 안전대책 전달, 작업 전 고압호스 고정 조치 및 사전점검 철저"
TA-0300,기타,물체에 맞음,기타,기타,운반작업,시공오류,안전수칙 미준수,작업자 통제 미흡,"중량물 취급 시 2인1조 작업원칙 위반, 작업계획서 대로 작업 미이행",0,피해 없음,재발방지 대책 확인 및 수시위험성평가 결과 확인,재해자가 황구지천 세미쉴드구간 압입 추진구에서 추진기계 센터 로라비트(약 45KG) 교체 작업을 위해 크레인을 사용하여 센터 로라비트를 추진구 하부로 수직 하역하여 수평이동 중 우측 가슴에 충격이 가해져서 발생된 사고임.,재해자 병원 이송 및 수술 후 휴식,작업계획서 전면 수정 및 2인1조 작업 철저
TA-0301,철도터널,넘어짐,기타,기타,정리작업,시공오류,안전수칙 미준수,작업자 부주의,물체에 걸려 넘어짐,0,피해 없음,현장교육 및 재발방지대책,"2025년 04월 07일(월) 14시 20분경, 본선 개착부 STA.1K779 지점에서 2단 벽체 철근 검측 전 물청소 작업을 위해 살수차 호스를 끌어오던 중 호스 조인트 부분이 작업위치 앞에 있던 카고크레인의 아웃트리거에 걸려 있는 상태에서 인지하지 못하고, 호스를 힘껏 당기는 과정에서 호스가 아웃트리거에서 이탈되면서 반동이 발생하여 작업자가 중심을 잃고 앞으로 넘어지며 바닥에 무픔츨 부딪힌 사고",확인 및 치료,현장교육
TA-0302,도로터널,넘어짐,기타,기타,이동,시공오류,안전수칙 미준수,개인 안전보호구 착용 불량,"안전벨트를 몸에 맞게 체결 한 후, 작업 착수를 진행하여야 했으나느슨하게 체결 후 앉았다 일어나는 과정에서 안전화 뒷편에 걸려 넘어짐",0,피해 없음,안전대 사양 교체 검토 및 사고사례 위험성평가 반영 실시,"- 누가 : OO토건 터널목공 김OO(1900.00.00)
- 언제 : 2025년 04월 09일 15:00경
- 어디서 : 송광사2터널 비상주차대 2번
- 무엇을 : 앉았다 일어서는 과정중
- 왜 : 작업을 위해(안전벨트를 느슨하게 착용)
- 어떻게 : 안전벨트를 착용 한후, 앉았다가 일어나는 과정에서 안전벨트 허벅지 부분이 안전화 뒷편에 걸려 앞으로 넘어짐(지연보고사유 : 사고일 이후 결근없이 계속 작업을 했기에 큰 무리가 없다고 판단함)",재해자 병원 내원 치료 예정,"근로자 전체 안전교육 실시(재발방지대책), 개인보호구 착용(안전벨트)_몸에 맞게 체결 실시"
TA-0303,도로터널,부딪힘,가시설,가설계단,이동,시공오류,안전수칙 미준수,작업자 부주의,순간 돌풍으로 인하여 자재에 부딪힘,0,순간 돌풍으로 인하여 자재에 부딪힘,자재 양중 시 작업방법 특별교육 시행,수직구 슬립폼 공사를 위해 가설계단 철거 작업 중해체한 가설계단을 크레인으로 인양하여 수직구 상부 작업장으로 운반하여 적치하던 중순간 돌풍으로 인하여 해체된 가설계단에 오른쪽 다리가 부딪힘,사고 이후(10시 00분) 병원 이송(10시 30분)하여 X-ray 촬영 및 검사 시행,작업 시 풍속계 수시 확인하여 작업 진행 및 강풍 시 작업 중지
TA-0304,도로터널,부딪힘,토사 및 암반,터널 막장면,천공작업,시공오류,안전수칙 미준수,낙하위험물 방치,막장면 절리 상태 불량 및 부석 제거 미흡,0,물적 피해 없음,근로자를 대상으로 부석 제거 철저 교육실시,2025년 4월 25일 오후12시 15분경 아중1터널 시점(남원방향) sta.6+871.5 지점 천공작업을 하기위해 점보드릴 기사가 하단부 천공위치 표시 중 터널 막장면 중간 윗부분 절리에서 부석이 탈락되면서 절리면을 타고 미끄러지면서 안전모 우측과 어깨를 비켜 맞으며 발생한 사고임.,병원으로 후송하여 부상부위 진료,터널 부석 제거 철저
TA-0305,기타,물체에 맞음,기타,기타,운반작업,시공오류,안전수칙 미준수,개인 안전보호구 미착용,세미쉴드 비트를 운반하던 중 위에 있던 싱글비트가 굴러떨어져 바닥을 치고 튕겨져서 재해자 발가락 타격하였으나 안전화 미착용으로 피해 발생,0,피해 없음,안전작업 시연회 실시,재해자가 세미쉴드 추진구에서 추진기계 외주로라비트(싱글 1개(약 35KG)) 교체 작업을 위해 센터로라비트를 추진관 내부로 적재하던 중 추진관 내부에 적재해 놓은 싱글로라비트가 충격으로 미끄러져서 외부 바닥으로 떨어졌고 바닥에 충돌후 2차로 재해자 왼쪽 발가락을 타격하여 발생된 사고임.,재해자 병원 이송 및 수술 후 휴식,수시위험성평가 실시 및 안전점검 실시
TA-0306,도로터널,넘어짐,기타,차량,보수 및 교체작업,시공오류,안전수칙 미준수,작업자 부주의,재해자가 당일 작업 완료 후 명일 작업의 준비를 위해 굴착기(개인 소유) 붐대의 그리스 도포를 위해 해당 굴착기 앞에 화물운송용 트럭(개인 소유)의 적재함에 올라가 작업을 한 후 적재함에서 내려오는 과정에서 적재함 옆 난간에 다리가 걸리는 중심을 잃어 순간적으로 오른쪽 다리를 지면에 디디며 무릎이 뒤틀린 사고임.,0,피해 없음,재해자의 상태 호전 유무를 지속 관찰,동림건업(주) 굴착기 운전원 양호영씨가 25.06.16(월) 15시경 암버럭 임시적치장에서 개인 장비 정비를 위하여 경량 화물운송용 트럭 적재함 위에서 굴착기 붐대에 그리스 도포 작업 후 적재함 위에서 내려오던 중 적재함 난간에 다리가 걸려서 무게중심을 잃어 지면을 내딛던 오른쪽 무릎이 뒤틀림.,"6.16 15:00
- 사고발생 (현장 내 암버럭 임시 적치장)6.16 16:30
- 진주 바른병원 내원6.16 17:00
- 진주 바른병원 응급실 (응급진료)
6. 16 17:45
- 진주 바른병원 입원 (당일 진단이 불가하여 MRI 촬영 등 조치 후 입원)6.17 10:00
- 진단 결과 (MRI 촬영 결과 우측 무릎 인대 파열)
- 수술 일정 협의 후 귀가 (수술 : 7/2)","1. 차량 정비 시 굴착기의 붐대를 평탄한 지면까지 하락시킨 후 지면에 서서 차량 보수 작업 실시
2. 불가피하게 상부에서 작업시 작업 전 작업구간 추락방지 조치 및 이동통로(사다리 등) 확보 등의 선조치 후 작업 실시"
TA-0307,기타,끼임,건설공구,공구류,굴착작업,시공오류,안전수칙 미준수,작업자 부주의,브레이커를 잡은 손이 미끄러지며 협착 발생,0,물적피해 없음,근로자 공도구 교육 실시 및 관리감독자 상주하여 작업상태 확인 실시,재해자 이명기님이 2025년 06월 25일 17:00 경 연결통로1 비개착구간 우측 수직관 1번에서 에어 브레이커를 이용한 암파쇄 작업중 브레이커에 의해 손이 미끄러지며 브레이커와 손이 협착되는 사고가 발생함.,"6. 25. 17:00 재해자 협착 사고 발생6. 25. 23:00 재해자 통증으로 인한 W병원 방문6. 26. 07:30 협력사(마성건설) 사고 발생 인지6. 26. 08:30 시공사(태왕이앤씨) 사고 발생 인지6. 26. 09:00 재해자 왼손 중지, 약지 뼛조각 제거 수술 진행",에어브레이커 미끄럼방지 테이프 부착 및 근로자 공도구 교육 실시
TA-0308,도로터널,"절단, 베임",가시설,거푸집,형틀 및 목공,시공오류,안전수칙 미준수,작업자 부주의,"- 고속절단기를 이용한 목재 절단작업 시 고정장치(바이스)를 사용하지 않고 손을 이용하여 목재를 잡고 작업
- 목재를 잡고있는 손과 절단기 날 사이 간격에 대한 주의 미흡",0,피해 없음,"1. 각재 절단을 위한 작업장 별도 설치 확인
2. 목재 가공 시 원형톱을 사용하며, 고속절단기 사용 시 사용허가제 실시 확인
3. 사고사례를 활용한 전체 근로자 안전교육 실시 확인
4. 현장에 전기 공도구 반입 시 안전점검 후 사용 확인
5. 적절한 보호장비 착용, 기계점검 및 유지관리 확인
6. 고정장치(바이스) 이탈 등 불량 고속절단기 적발 시 즉시 작업중지 및 재교육 실시 확인",2025년 6월 27일 오전 08시 40분경 재해자가 수동터널 울산방향 대인갱6 피난연결통로 라이닝 거푸집 목재 가공을 위해 고속절단기 사용 중 목재 고정용 바이스로 고정하지 않고 왼손으로 목재를 잡고 절단 작업을 하다 날이 재해자의 왼손에 가까이 있는 것을 인지하지 못하고 작동시켜 날이 순간적으로 회전하면서 재해자의 왼손 손가락 엄지와 검지가 동시에 절단됨,"1. 2025.6.27(금)
- 08:40 목재 가공 중 고속절단기 날에 손가락 절단 사고 발생
- 10:00 대구 소재 수지접합전문(MS재건병원) 도착 및 응급처치
- 10:30 응급실 담당의사 진료 후 손가락 접합수술 필요 진단
- 10:40 수술 전 MRI, CT, 혈액검사 및 심전도 검사 진행
- 12:30 수술 전 입원 수속 및 입원(수술대기)
- 16:00 접합수술 진행
1. - 18:00 접합수술 종료(왼손 검지 2마디 절단, 엄지 봉합), 2~3주 입원 후 경과 관찰 필요 및 3개월 이상 재활치료 필요 진단
2. 2025.6.30(월)
- 현재 재해자 병원 입원 가료 중","1. 각재 절단을 위한 작업장 별도 설치
2. 목재 가공 시 원형톱을 사용하며, 고속절단기 사용 시 사용허가제 실시
3. 사고사례를 활용한 전체 근로자 안전교육 실시
4. 현장에 전기 공도구 반입 시 안전점검 후 사용
5. 적절한 보호장비 착용, 기계점검 및 유지관리
6. 고정장치(바이스) 이탈 등 불량 고속절단기 적발 시 즉시 작업중지 및 재교육 실시"
TA-0309,도로터널,끼임,건설자재,자재,적재작업,시공오류,안전수칙 미준수,작업자 부주의,작업자 부주의,0,물적 피해없음,"근로자 안전교육 실시 여부, 위험성평가 반영 여부 확인","2025년 06월 27일 AM 10:40분경 재해자가 시스템비계 자재를 슬링벨트를 사용하여 굴착기로 운반중, 하역을 위해 받침목을 설치하다 굴착기가 흔들리면서 반동에 의해 시스템비계 자재가 손에 끼임.",6월 27일 전주병원 6주 진단서 송부,근로자 안전교육 실시
TA-0310,도로터널,끼임,건설공구,공구류,조립작업,시공오류,안전수칙 미준수,작업순서 미준수,양손으로 철근을 잡고 있는 과정에서 밴딩기를 끝까지 작동시킴(밴딩기와 철근 사이에 손가락 끼임),0,피해 없음,위험성평가 반영/작업관계자 전원 안전교육 실시,"1. 재해자 : OO토건 장OO
2. 사고 경위
- 누가 : OO토건 터널목공 장OO - 언제 : 2025년 06월 30일 13:30경
- 어디서 : 송광사2터널 종점 벌교방향(개착부)
- 무엇을 : 철근 밴딩기 사용을 위해
- 왜 : 철근 가공 작업을 위해(스크럽 철근)
- 어떻게 : 밴딩기와 회전하는 철근 사이에 손가락 끼임3. 사고 부위 : 우측 엄지손가락(첫번째 마디)",13:30분경 사고발생 보고/14:00경 순천한국병원 응급실 진료 (우측 엄지손가락 골절에 따른 수술 치료 필요),밴딩기 우측편 철판 연장을 통한 철근과 밴딩기 사이 공간 제거
